mm2-smoke commit=1a822c1cc472f6c04a25a6832e346b162bbb0ff5
2026-10-04T05:45:54.644700Z  WARN mm2: wheel part whl0 geometry authored in place; recentring onto origin car=Some("sthlm_racer")
2026-10-04T05:45:54.644725Z  WARN mm2: wheel part whl1 geometry authored in place; recentring onto origin car=Some("sthlm_racer")
2026-10-04T05:45:54.644729Z  WARN mm2: wheel part whl2 geometry authored in place; recentring onto origin car=Some("sthlm_racer")
2026-10-04T05:45:54.644732Z  WARN mm2: wheel part whl3 geometry authored in place; recentring onto origin car=Some("sthlm_racer")
2026-10-04T05:45:55.350083Z  WARN mm2_app::city: water refs resolved no rooms; deadly water off path=city/stockholm.parts/part_-3_0.water skipped=0
2026-10-04T05:45:55.722568Z  WARN mm2_app::city: water refs resolved no rooms; deadly water off path=city/stockholm.parts/part_-2_2.water skipped=0
2026-10-04T05:45:55.725635Z  WARN mm2_app::city: water refs resolved no rooms; deadly water off path=city/stockholm.parts/part_-2_3.water skipped=0
2026-10-04T05:45:55.891446Z  WARN mm2_app::city: water refs resolved no rooms; deadly water off path=city/stockholm.parts/part_-1_0.water skipped=0
2026-10-04T05:45:56.027487Z  WARN mm2_app::city: water refs resolved no rooms; deadly water off path=city/stockholm.parts/part_-1_2.water skipped=0
2026-10-04T05:45:56.074437Z  WARN mm2_app::city: water refs resolved no rooms; deadly water off path=city/stockholm.parts/part_-1_3.water skipped=0
2026-10-04T05:45:56.189455Z  WARN mm2_app::city: water refs resolved no rooms; deadly water off path=city/stockholm.parts/part_0_-2.water skipped=0
2026-10-04T05:45:56.433102Z  WARN mm2_app::city: water refs resolved no rooms; deadly water off path=city/stockholm.parts/part_0_2.water skipped=0
2026-10-04T05:45:56.488105Z  WARN mm2_app::city: water refs resolved no rooms; deadly water off path=city/stockholm.parts/part_0_3.water skipped=0
2026-10-04T05:45:56.575048Z  WARN mm2_app::city: water refs resolved no rooms; deadly water off path=city/stockholm.parts/part_1_-3.water skipped=0
2026-10-04T05:45:56.662271Z  WARN mm2_app::city: water refs resolved no rooms; deadly water off path=city/stockholm.parts/part_1_-2.water skipped=0
2026-10-04T05:45:56.722304Z  WARN mm2_app::city: water refs resolved no rooms; deadly water off path=city/stockholm.parts/part_1_-1.water skipped=0
2026-10-04T05:45:56.933171Z  WARN mm2_app::city: water refs resolved no rooms; deadly water off path=city/stockholm.parts/part_1_1.water skipped=0
2026-10-04T05:45:57.007691Z  WARN mm2_app::city: water refs resolved no rooms; deadly water off path=city/stockholm.parts/part_1_2.water skipped=0
2026-10-04T05:45:57.064237Z  WARN mm2_app::city: water refs resolved no rooms; deadly water off path=city/stockholm.parts/part_1_3.water skipped=0
2026-10-04T05:45:57.183026Z  WARN mm2_app::city: water refs resolved no rooms; deadly water off path=city/stockholm.parts/part_2_-3.water skipped=0
2026-10-04T05:45:57.313434Z  WARN mm2_app::city: water refs resolved no rooms; deadly water off path=city/stockholm.parts/part_2_-1.water skipped=0
2026-10-04T05:45:57.434953Z  WARN mm2_app::city: water refs resolved no rooms; deadly water off path=city/stockholm.parts/part_2_1.water skipped=0
2026-10-04T05:45:57.487598Z  WARN mm2_app::city: water refs resolved no rooms; deadly water off path=city/stockholm.parts/part_2_2.water skipped=0
2026-10-04T05:45:57.509539Z  WARN mm2_app::city: water refs resolved no rooms; deadly water off path=city/stockholm.parts/part_2_3.water skipped=0
2026-10-04T05:45:57.781993Z  WARN mm2_app::city: water refs resolved no rooms; deadly water off path=city/stockholm.parts/part_3_1.water skipped=0
2026-10-04T05:45:57.827840Z  WARN mm2_app::city: water refs resolved no rooms; deadly water off path=city/stockholm.parts/part_3_2.water skipped=0
2026-10-04T05:45:57.866901Z  WARN mm2_app::city: water refs resolved no rooms; deadly water off path=city/stockholm.parts/part_3_3.water skipped=0
2026-10-04T05:45:58.032526Z  WARN mm2_app::city: water refs resolved no rooms; deadly water off path=city/stockholm.parts/part_4_1.water skipped=0
2026-10-04T05:45:58.067465Z  WARN mm2_app::city: water refs resolved no rooms; deadly water off path=city/stockholm.parts/part_4_2.water skipped=0
2026-10-04T05:45:58.340211Z  WARN mm2_app::city: water refs resolved no rooms; deadly water off path=city/stockholm.parts/part_6_1.water skipped=0
2026-10-04T05:45:58.567732Z  WARN mm2_app::object_sound: object sound table unreadable path=aud/ambient/ferry.csv error=asset not found: aud/ambient/ferry.csv
2026-10-04T05:45:58.567758Z  WARN mm2_app::object_sound: object sound table unreadable path=aud/ambient/subwaycar.csv error=asset not found: aud/ambient/subwaycar.csv
2026-10-04T05:45:58.567806Z  WARN mm2_app::environment: lighting preset validation issue path=city/stockholm.lt04 issue=OffGridName("noon")
2026-10-04T05:45:58.567811Z  WARN mm2_app::environment: fog table unavailable path=city/stockholm_fog.csv error=asset not found: city/stockholm_fog.csv
2026-10-04T05:45:58.567815Z  WARN mm2_app::environment: sky definition unavailable path=city/stockholm.sky error=asset not found: city/stockholm.sky
2026-10-04T05:45:58.586407Z  WARN mm2_app::damage_fx: smoke atlas unresolved — untextured puffs texture="fxpt2"
2026-10-04T05:45:58.586434Z  WARN mm2_app::spark_fx: spark texture unresolved — untextured streaks texture="spark"
2026-10-04T05:45:58.586444Z  WARN mm2_app::wheel_fx: wheel effect unavailable rule="dirt" path=tune/effects/dirt.asbirthrule
2026-10-04T05:45:58.586448Z  WARN mm2_app::wheel_fx: wheel effect unavailable rule="dust" path=tune/effects/dust.asbirthrule
2026-10-04T05:45:58.586451Z  WARN mm2_app::wheel_fx: wheel effect unavailable rule="grass" path=tune/effects/grass.asbirthrule
2026-10-04T05:45:58.586454Z  WARN mm2_app::wheel_fx: wheel effect unavailable rule="leaf" path=tune/effects/leaf.asbirthrule
2026-10-04T05:45:58.586456Z  WARN mm2_app::wheel_fx: wheel effect unavailable rule="smoke" path=tune/effects/smoke.asbirthrule
2026-10-04T05:45:58.586458Z  WARN mm2_app::wheel_fx: wheel effect unavailable rule="snow" path=tune/effects/snow.asbirthrule
2026-10-04T05:45:58.586461Z  WARN mm2_app::wheel_fx: wheel effect unavailable rule="splash" path=tune/effects/splash.asbirthrule
2026-10-04T05:45:58.586463Z  WARN mm2_app::wheel_fx: wheel effect unavailable rule="rock" path=tune/effects/rock.asbirthrule
2026-10-04T05:45:58.586465Z  WARN mm2_app::wheel_fx: wheel atlas unresolved — untextured puffs texture="ptx_wheel"
2026-10-04T05:45:58.586707Z  WARN mm2_app::audio: audio: aud/cardata/player/default_impacts.csv: asset not found: aud/cardata/player/default_impacts.csv
2026-10-04T05:45:58.586715Z  WARN mm2_app::audio: audio: aud/cardata/player/default_surfacedry.csv: asset not found: aud/cardata/player/default_surfacedry.csv
2026-10-04T05:45:58.586720Z  WARN mm2_app::audio: audio: aud/cardata/player/stockholmpolicesiren.csv: asset not found: aud/cardata/player/stockholmpolicesiren.csv
2026-10-04T05:45:58.586722Z  WARN mm2_app::audio: audio: aud/cardata/opponent/policesiren.csv: asset not found: aud/cardata/opponent/policesiren.csv
2026-10-04T05:45:58.587600Z  WARN mm2_app::session: nav graph failed to load — opponent routes stay verbatim error=city/stockholm.bai: not found in the VFS
2026-10-04T05:45:58.590633Z  INFO mm2_app::opponents: opponent roster spawned opponents=6
2026-10-04T05:45:59.016396Z  WARN mm2_app::race_audio: audio: race cue startracelow: no wave matches stem "startracelow"
2026-10-04T05:45:59.016432Z  WARN mm2_app::audio: audio: aud/spchdata/stockholm.csv: asset not found: aud/spchdata/stockholm.csv
2026-10-04T05:45:59.302911Z  WARN mm2_app::race_audio: audio: race cue startracelow: no wave matches stem "startracelow"
2026-10-04T05:45:59.512440Z  WARN mm2_app::race_audio: audio: race cue startracelow: no wave matches stem "startracelow"
2026-10-04T05:45:59.708406Z  WARN mm2_app::race_audio: audio: race cue startracehigh: no wave matches stem "startracehigh"
2026-10-04T05:46:08.673216Z  INFO mm2_app::opponents: opponent re-anchored onto its route after a bounded stuck vehicle=sthlm_racer reanchors=1 from=Vec3(-923.77576, 34.60676, 517.0491) to=Vec3(-951.3779, 34.935406, 477.7582)
2026-10-04T05:46:10.857045Z  WARN mm2_app::race_audio: audio: race cue waypoint: no wave matches stem "waypoint"
2026-10-04T05:46:20.983352Z  WARN mm2_app::race_audio: audio: race cue waypoint: no wave matches stem "waypoint"
2026-10-04T05:46:21.724943Z  INFO mm2_app::scripted: scripted player started a bounded escape after sustained low-speed throttle tick=10578 escapes=1 position=Vec3(-1190.1942, 16.967442, -418.55627) speed=0.030641958117485046 heading_rad=0.1393737941980362 bearing_rad=1.6390278339385986 route_next=Some(219) gate=Vec3(-814.9728, 21.93222, -367.25412) aim=Vec3(-1187.2008, 16.956276, -418.7696)
2026-10-04T05:46:22.577001Z  INFO mm2_app::opponents: opponent re-anchored onto its route after a bounded stuck vehicle=sthlm_racer reanchors=2 from=Vec3(-1320.2352, 13.917088, -83.91339) to=Vec3(-1311.8942, 15.688359, -96.2184)
2026-10-04T05:46:32.687198Z  WARN mm2_app::race_audio: audio: race cue waypoint: no wave matches stem "waypoint"
2026-10-04T05:46:40.854108Z  INFO mm2_app::opponents: opponent re-anchored onto its route after a bounded stuck vehicle=sthlm_racer reanchors=1 from=Vec3(625.15045, 1.4758329, -24.51006) to=Vec3(618.3587, 4.744496, -17.138384)
2026-10-04T05:46:44.017531Z  WARN mm2_app::race_audio: audio: race cue waypoint: no wave matches stem "waypoint"
2026-10-04T05:46:51.696943Z  INFO mm2_app::opponents: opponent re-anchored onto its route after a bounded stuck vehicle=sthlm_racer reanchors=1 from=Vec3(621.5496, 0.6968414, -25.528587) to=Vec3(613.86414, 4.734905, -16.359482)
2026-10-04T05:46:52.246249Z  INFO mm2_app::opponents: opponent re-anchored onto its route after a bounded stuck vehicle=sthlm_racer reanchors=1 from=Vec3(621.0738, 3.5220904, -23.882685) to=Vec3(613.86414, 4.734905, -16.359482)
2026-10-04T05:46:53.019048Z  INFO mm2_app::opponents: opponent re-anchored onto its route after a bounded stuck vehicle=sthlm_racer reanchors=1 from=Vec3(623.98035, 0.6999253, -26.500475) to=Vec3(626.7525, 4.7025576, -18.66324)
2026-10-04T05:46:53.935914Z  WARN mm2_app::race_audio: audio: race cue waypoint: no wave matches stem "waypoint"
2026-10-04T05:46:57.499906Z  INFO mm2_app::opponents: opponent re-anchored onto its route after a bounded stuck vehicle=sthlm_racer reanchors=3 from=Vec3(613.9777, 0.86392707, -25.94128) to=Vec3(648.5809, 4.593484, -22.628729)
2026-10-04T05:46:59.142499Z  INFO mm2_app::opponents: opponent re-anchored onto its route after a bounded stuck vehicle=sthlm_racer reanchors=2 from=Vec3(625.5777, 0.6990975, -23.635061) to=Vec3(618.3436, 4.744571, -17.135643)
2026-10-04T05:46:59.617487Z  INFO mm2_app::opponents: opponent re-anchored onto its route after a bounded stuck vehicle=sthlm_racer reanchors=2 from=Vec3(664.36444, 4.1349063, -23.321518) to=Vec3(654.667, 4.563075, -23.734371)
2026-10-04T05:47:03.318450Z  INFO mm2_app::opponents: opponent re-anchored onto its route after a bounded stuck vehicle=sthlm_racer reanchors=1 from=Vec3(1105.6747, 8.362425, 80.00686) to=Vec3(1098.4934, 9.575966, 70.741486)
2026-10-04T05:47:03.820655Z  INFO mm2_app::opponents: opponent re-anchored onto its route after a bounded stuck vehicle=sthlm_racer reanchors=2 from=Vec3(1113.8651, 7.8463874, 85.56192) to=Vec3(1096.7245, 9.74923, 68.568214)
2026-10-04T05:47:04.885211Z  WARN mm2_app::race_audio: audio: race cue waypoint: no wave matches stem "waypoint"
2026-10-04T05:47:09.975356Z  INFO mm2_app::opponents: opponent re-anchored onto its route after a bounded stuck vehicle=sthlm_racer reanchors=3 from=Vec3(1047.891, 6.118102, 5.3774953) to=Vec3(1041.1785, 6.0724936, 0.5305845)
2026-10-04T05:47:12.186471Z  INFO mm2_app::opponents: opponent re-anchored onto its route after a bounded stuck vehicle=sthlm_racer reanchors=4 from=Vec3(1084.1619, 7.4744473, 65.1494) to=Vec3(1079.9142, 9.382294, 47.960552)
2026-10-04T05:47:15.487274Z  INFO mm2_app::scripted: scripted player started a bounded escape after sustained low-speed throttle tick=35174 escapes=2 position=Vec3(625.2555, 4.3561563, -18.601297) speed=-0.001780342310667038 heading_rad=-1.5370808839797974 bearing_rad=-0.12931711971759796 route_next=Some(753) gate=Vec3(704.6251, 3.80736, -32.81699) aim=Vec3(637.484, 4.31323, -20.612797)
2026-10-04T05:47:18.074488Z  INFO mm2_app::opponents: opponent re-anchored onto its route after a bounded stuck vehicle=sthlm_racer reanchors=4 from=Vec3(1106.63, 8.52036, 78.67745) to=Vec3(1088.3882, 10.106361, 58.336517)
2026-10-04T05:47:20.245207Z  WARN mm2_app::race_audio: audio: race cue waypoint: no wave matches stem "waypoint"
2026-10-04T05:47:20.265980Z  INFO mm2_app::opponents: opponent re-anchored onto its route after a bounded stuck vehicle=sthlm_racer reanchors=5 from=Vec3(1092.5657, 7.632178, 66.11321) to=Vec3(1081.2205, 9.493904, 49.559986)
2026-10-04T05:47:21.350615Z  INFO mm2_app::scripted: scripted player started a bounded escape after sustained low-speed throttle tick=37686 escapes=3 position=Vec3(622.4911, 3.3389237, -22.117245) speed=0.029980793595314026 heading_rad=-0.034020401537418365 bearing_rad=1.4124826192855835 route_next=Some(777) gate=Vec3(1090.8932, 9.97041, 61.40383) aim=Vec3(741.9593, 2.97061, -37.04329)
2026-10-04T05:47:22.212675Z  INFO mm2_app::opponents: opponent re-anchored onto its route after a bounded stuck vehicle=sthlm_racer reanchors=5 from=Vec3(1088.908, 8.814442, 58.57034) to=Vec3(1076.0597, 9.052951, 43.241028)
2026-10-04T05:47:22.279244Z  INFO mm2_app::scripted: scripted player started a bounded escape after sustained low-speed throttle tick=38100 escapes=4 position=Vec3(622.5002, 3.336952, -22.17989) speed=0.01792699098587036 heading_rad=0.04207432270050049 bearing_rad=1.4890843629837036 route_next=Some(777) gate=Vec3(1090.8932, 9.97041, 61.40383) aim=Vec3(741.9593, 2.97061, -37.04329)
2026-10-04T05:47:23.268059Z  INFO mm2_app::scripted: scripted player started a bounded escape after sustained low-speed throttle tick=38514 escapes=5 position=Vec3(622.5002, 3.3358297, -22.211287) speed=0.013286181725561619 heading_rad=0.07984790205955505 bearing_rad=1.5271167755126953 route_next=Some(777) gate=Vec3(1090.8932, 9.97041, 61.40383) aim=Vec3(741.9593, 2.97061, -37.04329)
2026-10-04T05:47:24.260896Z  INFO mm2_app::scripted: scripted player started a bounded escape after sustained low-speed throttle tick=38928 escapes=6 position=Vec3(622.5002, 3.3352184, -22.229134) speed=0.010582152754068375 heading_rad=0.1013847216963768 bearing_rad=1.5488007068634033 route_next=Some(777) gate=Vec3(1090.8932, 9.97041, 61.40383) aim=Vec3(741.9593, 2.97061, -37.04329)
2026-10-04T05:47:25.130284Z  INFO mm2_app::scripted: scripted player re-anchored onto its route after a bounded stuck tick=39294 reanchors=1 position=Vec3(622.5002, 3.3348167, -22.239462) speed=0.009324592538177967 heading_rad=0.11365363001823425 route_next=776 gate=Vec3(1090.8932, 9.97041, 61.40383) landing=Vec3(726.1439, 3.7284875, -37.327557)
2026-10-04T05:47:27.546309Z  INFO mm2_app::opponents: opponent re-anchored onto its route after a bounded stuck vehicle=sthlm_racer reanchors=3 from=Vec3(1581.9841, 6.2858644, 856.9055) to=Vec3(1551.434, 13.152215, 881.65076)
2026-10-04T05:47:34.075382Z  INFO mm2_app::scripted: scripted player started a bounded escape after sustained low-speed throttle tick=43510 escapes=7 position=Vec3(1034.5342, 4.996934, -8.1483135) speed=-0.0016168029978871346 heading_rad=-2.645109176635742 bearing_rad=-0.15972810983657837 route_next=Some(869) gate=Vec3(1090.8932, 9.97041, 61.40383) aim=Vec3(1041.8586, 5.62169, 1.3633296)
2026-10-04T05:47:35.912036Z  INFO mm2_app::scripted: scripted player started a bounded escape after sustained low-speed throttle tick=44356 escapes=8 position=Vec3(1036.3583, 5.050276, -1.1332202) speed=0.04740452766418457 heading_rad=-1.9216686487197876 bearing_rad=0.3152860105037689 route_next=Some(870) gate=Vec3(1090.8932, 9.97041, 61.40383) aim=Vec3(1046.0253, 6.1333, 6.4652305)
2026-10-04T05:47:37.291580Z  INFO mm2_app::scripted: scripted player started a bounded escape after sustained low-speed throttle tick=44996 escapes=9 position=Vec3(1045.5824, 5.4776244, 10.221895) speed=0.11029030382633209 heading_rad=-1.8679540157318115 bearing_rad=0.3659519553184509 route_next=Some(873) gate=Vec3(1090.8932, 9.97041, 61.40383) aim=Vec3(1055.2792, 6.90072, 17.796045)
2026-10-04T05:47:37.722970Z  INFO mm2_app::opponents: opponent re-anchored onto its route after a bounded stuck vehicle=sthlm_racer reanchors=2 from=Vec3(1581.895, 6.271851, 856.8846) to=Vec3(1551.434, 13.152215, 881.65076)
2026-10-04T05:47:38.195232Z  INFO mm2_app::scripted: scripted player started a bounded escape after sustained low-speed throttle tick=45410 escapes=10 position=Vec3(1045.1965, 5.4597855, 9.701032) speed=0.06286107003688812 heading_rad=-1.8715717792510986 bearing_rad=0.3647673726081848 route_next=Some(873) gate=Vec3(1090.8932, 9.97041, 61.40383) aim=Vec3(1054.8695, 6.64492, 17.294556)
2026-10-04T05:47:39.419084Z  INFO mm2_app::scripted: scripted player started a bounded escape after sustained low-speed throttle tick=45984 escapes=11 position=Vec3(1051.1578, 5.759343, 16.791622) speed=0.03416317328810692 heading_rad=-1.9750603437423706 bearing_rad=0.27177977561950684 route_next=Some(875) gate=Vec3(1090.8932, 9.97041, 61.40383) aim=Vec3(1060.7285, 7.15653, 24.468636)
2026-10-04T05:47:40.332226Z  INFO mm2_app::scripted: scripted player started a bounded escape after sustained low-speed throttle tick=46398 escapes=12 position=Vec3(1050.2465, 5.7068334, 15.905117) speed=0.025668559595942497 heading_rad=-1.8405382633209229 bearing_rad=0.3947618305683136 route_next=Some(875) gate=Vec3(1090.8932, 9.97041, 61.40383) aim=Vec3(1059.9296, 7.15653, 23.490347)
2026-10-04T05:47:41.280298Z  INFO mm2_app::opponents: opponent re-anchored onto its route after a bounded stuck vehicle=sthlm_racer reanchors=3 from=Vec3(1587.8082, 0.5661628, 850.09314) to=Vec3(1594.0303, 10.067155, 858.3086)
2026-10-04T05:47:48.000463Z  INFO mm2_app::opponents: opponent re-anchored onto its route after a bounded stuck vehicle=sthlm_racer reanchors=6 from=Vec3(1580.764, 6.1860347, 856.4582) to=Vec3(1548.99, 12.834877, 872.30743)
2026-10-04T05:47:49.664288Z  INFO mm2_app::scripted: scripted player started a bounded escape after sustained low-speed throttle tick=50524 escapes=13 position=Vec3(1085.6174, 7.291222, 57.465733) speed=0.741531252861023 heading_rad=-2.4384963512420654 bearing_rad=-0.22647355496883392 route_next=Some(886) gate=Vec3(1090.8932, 9.97041, 61.40383) aim=Vec3(1090.8932, 9.97041, 61.40383)
2026-10-04T05:47:50.552396Z  INFO mm2_app::scripted: scripted player started a bounded escape after sustained low-speed throttle tick=50938 escapes=14 position=Vec3(1085.9984, 7.3071246, 57.92036) speed=0.2926766276359558 heading_rad=-2.4333221912384033 bearing_rad=-0.24400970339775085 route_next=Some(886) gate=Vec3(1090.8932, 9.97041, 61.40383) aim=Vec3(1090.8932, 9.97041, 61.40383)
2026-10-04T05:47:51.605385Z  INFO mm2_app::scripted: scripted player started a bounded escape after sustained low-speed throttle tick=51434 escapes=15 position=Vec3(1085.0115, 7.2741966, 56.97153) speed=0.042956139892339706 heading_rad=-2.358008861541748 bearing_rad=-0.1414286345243454 route_next=Some(886) gate=Vec3(1090.8932, 9.97041, 61.40383) aim=Vec3(1090.8932, 9.97041, 61.40383)
2026-10-04T05:47:52.478860Z  INFO mm2_app::scripted: scripted player started a bounded escape after sustained low-speed throttle tick=51848 escapes=16 position=Vec3(1085.02, 7.2717505, 56.946552) speed=0.05674564093351364 heading_rad=-2.371210813522339 bearing_rad=-0.1512274295091629 route_next=Some(886) gate=Vec3(1090.8932, 9.97041, 61.40383) aim=Vec3(1090.8932, 9.97041, 61.40383)
2026-10-04T05:47:52.889205Z  INFO mm2_app::scripted: scripted player re-anchored onto its route after a bounded stuck tick=52032 reanchors=2 position=Vec3(1081.9772, 7.125291, 53.172142) speed=-2.3190503120422363 heading_rad=-2.515209913253784 route_next=883 gate=Vec3(1090.8932, 9.97041, 61.40383) landing=Vec3(1077.3151, 9.160212, 44.778076)
2026-10-04T05:47:53.354187Z  INFO mm2_app::scripted: scripted player started a bounded escape after sustained low-speed throttle tick=52256 escapes=17 position=Vec3(1078.0824, 8.253281, 45.465145) speed=1.3861083984375 heading_rad=-2.653146266937256 bearing_rad=-0.18308548629283905 route_next=Some(883) gate=Vec3(1090.8932, 9.97041, 61.40383) aim=Vec3(1085.5493, 9.45879, 54.860443)
2026-10-04T05:47:54.911215Z  INFO mm2_app::scripted: scripted player started a bounded escape after sustained low-speed throttle tick=52966 escapes=18 position=Vec3(1084.9978, 8.6191225, 53.238064) speed=-0.021620651707053185 heading_rad=-2.6049628257751465 bearing_rad=-0.08868514746427536 route_next=Some(886) gate=Vec3(1090.8932, 9.97041, 61.40383) aim=Vec3(1090.8932, 9.97041, 61.40383)
2026-10-04T05:47:55.919160Z  INFO mm2_app::scripted: scripted player started a bounded escape after sustained low-speed throttle tick=53380 escapes=19 position=Vec3(1084.9052, 8.573086, 53.236107) speed=0.00867090281099081 heading_rad=-2.5657753944396973 bearing_rad=-0.05680196359753609 route_next=Some(886) gate=Vec3(1090.8932, 9.97041, 61.40383) aim=Vec3(1090.8932, 9.97041, 61.40383)
2026-10-04T05:47:57.723780Z  INFO mm2_app::scripted: scripted player started a bounded escape after sustained low-speed throttle tick=54198 escapes=20 position=Vec3(1090.4485, 8.91383, 60.077843) speed=-0.006816299632191658 heading_rad=-2.538033962249756 bearing_rad=0.2799726724624634 route_next=Some(887) gate=Vec3(1090.8932, 9.97041, 61.40383) aim=Vec3(1090.8932, 9.97041, 61.40383)
2026-10-04T05:47:58.605700Z  INFO mm2_app::scripted: scripted player started a bounded escape after sustained low-speed throttle tick=54612 escapes=21 position=Vec3(1090.0621, 8.78662, 59.8) speed=0.006540128029882908 heading_rad=-2.4667530059814453 bearing_rad=0.19676344096660614 route_next=Some(887) gate=Vec3(1090.8932, 9.97041, 61.40383) aim=Vec3(1090.8932, 9.97041, 61.40383)
2026-10-04T05:47:59.847671Z  INFO mm2_app::scripted: scripted player started a bounded escape after sustained low-speed throttle tick=55172 escapes=22 position=Vec3(1090.3141, 8.80568, 60.105038) speed=-0.00015172921121120453 heading_rad=-2.4711203575134277 bearing_rad=0.2510528266429901 route_next=Some(887) gate=Vec3(1090.8932, 9.97041, 61.40383) aim=Vec3(1090.8932, 9.97041, 61.40383)
2026-10-04T05:48:00.749698Z  INFO mm2_app::scripted: scripted player started a bounded escape after sustained low-speed throttle tick=55586 escapes=23 position=Vec3(1090.253, 8.796394, 60.033043) speed=0.005509492009878159 heading_rad=-2.4619340896606445 bearing_rad=0.24277064204216003 route_next=Some(887) gate=Vec3(1090.8932, 9.97041, 61.40383) aim=Vec3(1090.8932, 9.97041, 61.40383)
2026-10-04T05:48:01.122077Z  INFO mm2_app::scripted: scripted player re-anchored onto its route after a bounded stuck tick=55752 reanchors=3 position=Vec3(1089.3226, 8.908807, 58.571556) speed=-0.8087689876556396 heading_rad=-2.328256130218506 route_next=885 gate=Vec3(1090.8932, 9.97041, 61.40383) landing=Vec3(1083.8169, 9.715755, 52.739143)
2026-10-04T05:48:01.983492Z  INFO mm2_app::scripted: scripted player started a bounded escape after sustained low-speed throttle tick=56154 escapes=24 position=Vec3(1084.7275, 8.453855, 53.245056) speed=8.537528628949076e-6 heading_rad=-2.478611469268799 bearing_rad=0.015837108716368675 route_next=Some(886) gate=Vec3(1090.8932, 9.97041, 61.40383) aim=Vec3(1090.8932, 9.97041, 61.40383)
2026-10-04T05:48:03.636874Z  INFO mm2_app::scripted: scripted player started a bounded escape after sustained low-speed throttle tick=56918 escapes=25 position=Vec3(1090.4429, 8.910145, 60.078396) speed=-0.004560890607535839 heading_rad=-2.535963296890259 bearing_rad=0.27811452746391296 route_next=Some(887) gate=Vec3(1090.8932, 9.97041, 61.40383) aim=Vec3(1090.8932, 9.97041, 61.40383)
2026-10-04T05:48:04.536600Z  INFO mm2_app::scripted: scripted player started a bounded escape after sustained low-speed throttle tick=57332 escapes=26 position=Vec3(1090.0536, 8.786145, 59.78897) speed=0.0068237134255468845 heading_rad=-2.466967821121216 bearing_rad=0.19516785442829132 route_next=Some(887) gate=Vec3(1090.8932, 9.97041, 61.40383) aim=Vec3(1090.8932, 9.97041, 61.40383)
2026-10-04T05:48:05.762674Z  INFO mm2_app::scripted: scripted player started a bounded escape after sustained low-speed throttle tick=57894 escapes=27 position=Vec3(1090.3142, 8.80586, 60.105415) speed=4.659604746848345e-5 heading_rad=-2.4710867404937744 bearing_rad=0.2510567307472229 route_next=Some(887) gate=Vec3(1090.8932, 9.97041, 61.40383) aim=Vec3(1090.8932, 9.97041, 61.40383)
2026-10-04T05:48:06.668981Z  INFO mm2_app::scripted: scripted player started a bounded escape after sustained low-speed throttle tick=58308 escapes=28 position=Vec3(1090.2516, 8.796145, 60.03075) speed=0.005898389499634504 heading_rad=-2.4618959426879883 bearing_rad=0.242573082447052 route_next=Some(887) gate=Vec3(1090.8932, 9.97041, 61.40383) aim=Vec3(1090.8932, 9.97041, 61.40383)
2026-10-04T05:48:07.096189Z  INFO mm2_app::scripted: scripted player re-anchored onto its route after a bounded stuck tick=58508 reanchors=4 position=Vec3(1089.3285, 8.901706, 58.62219) speed=0.0154393520206213 heading_rad=-2.3498055934906006 route_next=885 gate=Vec3(1090.8932, 9.97041, 61.40383) landing=Vec3(1083.844, 9.718076, 52.77239)
2026-10-04T05:48:07.957573Z  INFO mm2_app::scripted: scripted player started a bounded escape after sustained low-speed throttle tick=58898 escapes=29 position=Vec3(1084.865, 8.469694, 53.40985) speed=0.34836363792419434 heading_rad=-2.4758822917938232 bearing_rad=0.01959536224603653 route_next=Some(886) gate=Vec3(1090.8932, 9.97041, 61.40383) aim=Vec3(1090.8932, 9.97041, 61.40383)
2026-10-04T05:48:09.542845Z  INFO mm2_app::scripted: scripted player started a bounded escape after sustained low-speed throttle tick=59630 escapes=30 position=Vec3(1090.4093, 8.883758, 60.078064) speed=-0.03484799712896347 heading_rad=-2.5191259384155273 bearing_rad=0.27250412106513977 route_next=Some(887) gate=Vec3(1090.8932, 9.97041, 61.40383) aim=Vec3(1090.8932, 9.97041, 61.40383)
2026-10-04T05:48:10.473190Z  INFO mm2_app::scripted: scripted player started a bounded escape after sustained low-speed throttle tick=60044 escapes=31 position=Vec3(1090.0774, 8.787109, 59.8187) speed=0.006375678814947605 heading_rad=-2.466055154800415 bearing_rad=0.2002350240945816 route_next=Some(887) gate=Vec3(1090.8932, 9.97041, 61.40383) aim=Vec3(1090.8932, 9.97041, 61.40383)
2026-10-04T05:48:11.703071Z  INFO mm2_app::scripted: scripted player started a bounded escape after sustained low-speed throttle tick=60604 escapes=32 position=Vec3(1090.3152, 8.807548, 60.105846) speed=0.0002816128544509411 heading_rad=-2.47074294090271 bearing_rad=0.25190460681915283 route_next=Some(887) gate=Vec3(1090.8932, 9.97041, 61.40383) aim=Vec3(1090.8932, 9.97041, 61.40383)
2026-10-04T05:48:12.599385Z  INFO mm2_app::scripted: scripted player started a bounded escape after sustained low-speed throttle tick=61018 escapes=33 position=Vec3(1090.2556, 8.796462, 60.035755) speed=0.004630745388567448 heading_rad=-2.4617741107940674 bearing_rad=0.24370911717414856 route_next=Some(887) gate=Vec3(1090.8932, 9.97041, 61.40383) aim=Vec3(1090.8932, 9.97041, 61.40383)
2026-10-04T05:48:13.048064Z  INFO mm2_app::scripted: scripted player re-anchored onto its route after a bounded stuck tick=61220 reanchors=5 position=Vec3(1089.3098, 8.914707, 58.56469) speed=0.011854128912091255 heading_rad=-2.33485746383667 route_next=885 gate=Vec3(1090.8932, 9.97041, 61.40383) landing=Vec3(1083.8083, 9.71503, 52.728745)
2026-10-04T05:48:13.963528Z  INFO mm2_app::scripted: scripted player started a bounded escape after sustained low-speed throttle tick=61626 escapes=34 position=Vec3(1084.7295, 8.454988, 53.24696) speed=0.023459918797016144 heading_rad=-2.477720022201538 bearing_rad=0.01676875166594982 route_next=Some(886) gate=Vec3(1090.8932, 9.97041, 61.40383) aim=Vec3(1090.8932, 9.97041, 61.40383)
2026-10-04T05:48:15.608324Z  INFO mm2_app::scripted: scripted player started a bounded escape after sustained low-speed throttle tick=62388 escapes=35 position=Vec3(1090.4697, 8.92342, 60.085533) speed=-0.038126178085803986 heading_rad=-2.534074068069458 bearing_rad=0.29671064019203186 route_next=Some(887) gate=Vec3(1090.8932, 9.97041, 61.40383) aim=Vec3(1090.8932, 9.97041, 61.40383)
2026-10-04T05:48:16.506506Z  INFO mm2_app::scripted: scripted player started a bounded escape after sustained low-speed throttle tick=62802 escapes=36 position=Vec3(1090.0151, 8.784894, 59.742054) speed=0.007268483284860849 heading_rad=-2.4686219692230225 bearing_rad=0.18687686324119568 route_next=Some(887) gate=Vec3(1090.8932, 9.97041, 61.40383) aim=Vec3(1090.8932, 9.97041, 61.40383)
2026-10-04T05:48:17.884383Z  INFO mm2_app::scripted: scripted player started a bounded escape after sustained low-speed throttle tick=63364 escapes=37 position=Vec3(1090.3152, 8.807786, 60.106316) speed=0.0006811036728322506 heading_rad=-2.470952033996582 bearing_rad=0.2515611946582794 route_next=Some(887) gate=Vec3(1090.8932, 9.97041, 61.40383) aim=Vec3(1090.8932, 9.97041, 61.40383)
2026-10-04T05:48:18.972622Z  INFO mm2_app::scripted: scripted player started a bounded escape after sustained low-speed throttle tick=63778 escapes=38 position=Vec3(1090.2318, 8.7945, 60.00588) speed=0.00546521320939064 heading_rad=-2.4618678092956543 bearing_rad=0.2378246933221817 route_next=Some(887) gate=Vec3(1090.8932, 9.97041, 61.40383) aim=Vec3(1090.8932, 9.97041, 61.40383)
2026-10-04T05:48:19.469397Z  INFO mm2_app::scripted: scripted player re-anchored onto its route after a bounded stuck tick=63976 reanchors=6 position=Vec3(1089.3086, 8.895659, 58.61035) speed=0.012005645781755447 heading_rad=-2.355199098587036 route_next=885 gate=Vec3(1090.8932, 9.97041, 61.40383) landing=Vec3(1083.8302, 9.7169, 52.75554)
2026-10-04T05:48:20.372807Z  INFO mm2_app::scripted: scripted player started a bounded escape after sustained low-speed throttle tick=64378 escapes=39 position=Vec3(1084.7329, 8.4580555, 53.253048) speed=0.022858712822198868 heading_rad=-2.476227045059204 bearing_rad=0.018169404938817024 route_next=Some(886) gate=Vec3(1090.8932, 9.97041, 61.40383) aim=Vec3(1090.8932, 9.97041, 61.40383)
2026-10-04T05:48:22.032417Z  INFO mm2_app::scripted: scripted player started a bounded escape after sustained low-speed throttle tick=65134 escapes=40 position=Vec3(1090.4348, 8.903851, 60.07842) speed=-0.03789074718952179 heading_rad=-2.532224416732788 bearing_rad=0.2764087915420532 route_next=Some(887) gate=Vec3(1090.8932, 9.97041, 61.40383) aim=Vec3(1090.8932, 9.97041, 61.40383)
2026-10-04T05:48:22.948126Z  INFO mm2_app::scripted: scripted player started a bounded escape after sustained low-speed throttle tick=65548 escapes=41 position=Vec3(1090.0593, 8.786401, 59.79629) speed=0.006493027321994305 heading_rad=-2.466822862625122 bearing_rad=0.19625906646251678 route_next=Some(887) gate=Vec3(1090.8932, 9.97041, 61.40383) aim=Vec3(1090.8932, 9.97041, 61.40383)
2026-10-04T05:48:24.194658Z  INFO mm2_app::scripted: scripted player started a bounded escape after sustained low-speed throttle tick=66108 escapes=42 position=Vec3(1090.341, 8.8109045, 60.137268) speed=0.0018097433494403958 heading_rad=-2.47166109085083 bearing_rad=0.2587646245956421 route_next=Some(887) gate=Vec3(1090.8932, 9.97041, 61.40383) aim=Vec3(1090.8932, 9.97041, 61.40383)
2026-10-04T05:48:25.152644Z  INFO mm2_app::scripted: scripted player started a bounded escape after sustained low-speed throttle tick=66522 escapes=43 position=Vec3(1090.2871, 8.800454, 60.080296) speed=0.005175299942493439 heading_rad=-2.462996482849121 bearing_rad=0.24917207658290863 route_next=Some(887) gate=Vec3(1090.8932, 9.97041, 61.40383) aim=Vec3(1090.8932, 9.97041, 61.40383)
2026-10-04T05:48:25.593955Z  INFO mm2_app::scripted: scripted player re-anchored onto its route after a bounded stuck tick=66722 reanchors=7 position=Vec3(1089.2853, 8.9103365, 58.541965) speed=0.0022741705179214478 heading_rad=-2.339038133621216 route_next=885 gate=Vec3(1090.8932, 9.97041, 61.40383) landing=Vec3(1083.7874, 9.71324, 52.703094)
2026-10-04T05:48:26.494339Z  INFO mm2_app::scripted: scripted player started a bounded escape after sustained low-speed throttle tick=67128 escapes=44 position=Vec3(1084.8667, 8.469755, 53.4116) speed=0.32387471199035645 heading_rad=-2.475787878036499 bearing_rad=0.01972103677690029 route_next=Some(886) gate=Vec3(1090.8932, 9.97041, 61.40383) aim=Vec3(1090.8932, 9.97041, 61.40383)
2026-10-04T05:48:28.124725Z  INFO mm2_app::scripted: scripted player started a bounded escape after sustained low-speed throttle tick=67862 escapes=45 position=Vec3(1090.4155, 8.889572, 60.079422) speed=0.017659824341535568 heading_rad=-2.5238583087921143 bearing_rad=0.2715948522090912 route_next=Some(887) gate=Vec3(1090.8932, 9.97041, 61.40383) aim=Vec3(1090.8932, 9.97041, 61.40383)
2026-10-04T05:48:29.089921Z  INFO mm2_app::scripted: scripted player started a bounded escape after sustained low-speed throttle tick=68276 escapes=46 position=Vec3(1090.0906, 8.787629, 59.834965) speed=0.006133018061518669 heading_rad=-2.465891122817993 bearing_rad=0.2028270661830902 route_next=Some(887) gate=Vec3(1090.8932, 9.97041, 61.40383) aim=Vec3(1090.8932, 9.97041, 61.40383)
2026-10-04T05:48:30.316818Z  INFO mm2_app::scripted: scripted player started a bounded escape after sustained low-speed throttle tick=68834 escapes=47 position=Vec3(1090.3154, 8.806215, 60.106003) speed=0.00012187170796096325 heading_rad=-2.470690965652466 bearing_rad=0.25206878781318665 route_next=Some(887) gate=Vec3(1090.8932, 9.97041, 61.40383) aim=Vec3(1090.8932, 9.97041, 61.40383)
2026-10-04T05:48:31.259538Z  INFO mm2_app::scripted: scripted player started a bounded escape after sustained low-speed throttle tick=69248 escapes=48 position=Vec3(1090.2506, 8.796139, 60.029793) speed=0.005337456241250038 heading_rad=-2.4619271755218506 bearing_rad=0.24222581088542938 route_next=Some(887) gate=Vec3(1090.8932, 9.97041, 61.40383) aim=Vec3(1090.8932, 9.97041, 61.40383)
2026-10-04T05:48:31.692232Z  INFO mm2_app::scripted: scripted player re-anchored onto its route after a bounded stuck tick=69448 reanchors=8 position=Vec3(1089.3041, 8.90911, 58.57022) speed=0.029807869344949722 heading_rad=-2.3403396606445313 route_next=885 gate=Vec3(1090.8932, 9.97041, 61.40383) landing=Vec3(1083.8087, 9.715065, 52.72925)
2026-10-04T05:48:32.565090Z  INFO mm2_app::scripted: scripted player started a bounded escape after sustained low-speed throttle tick=69852 escapes=49 position=Vec3(1084.7288, 8.454526, 53.246056) speed=5.060312105342746e-6 heading_rad=-2.4781653881073 bearing_rad=0.016319556161761284 route_next=Some(886) gate=Vec3(1090.8932, 9.97041, 61.40383) aim=Vec3(1090.8932, 9.97041, 61.40383)
2026-10-04T05:48:34.251825Z  INFO mm2_app::scripted: scripted player started a bounded escape after sustained low-speed throttle tick=70614 escapes=50 position=Vec3(1090.4657, 8.920506, 60.086052) speed=0.01268846821039915 heading_rad=-2.5321452617645264 bearing_rad=0.2957564890384674 route_next=Some(887) gate=Vec3(1090.8932, 9.97041, 61.40383) aim=Vec3(1090.8932, 9.97041, 61.40383)
2026-10-04T05:48:35.184757Z  INFO mm2_app::scripted: scripted player started a bounded escape after sustained low-speed throttle tick=71028 escapes=51 position=Vec3(1090.0198, 8.784731, 59.746742) speed=0.00758160836994648 heading_rad=-2.468395233154297 bearing_rad=0.18812380731105804 route_next=Some(887) gate=Vec3(1090.8932, 9.97041, 61.40383) aim=Vec3(1090.8932, 9.97041, 61.40383)
2026-10-04T05:48:36.554754Z  INFO mm2_app::scripted: scripted player started a bounded escape after sustained low-speed throttle tick=71590 escapes=52 position=Vec3(1090.3159, 8.807434, 60.10699) speed=0.0017141816206276417 heading_rad=-2.470762252807617 bearing_rad=0.25202876329421997 route_next=Some(887) gate=Vec3(1090.8932, 9.97041, 61.40383) aim=Vec3(1090.8932, 9.97041, 61.40383)
2026-10-04T05:48:37.465039Z  INFO mm2_app::scripted: scripted player started a bounded escape after sustained low-speed throttle tick=72004 escapes=53 position=Vec3(1090.2477, 8.795891, 60.026043) speed=0.006537154782563448 heading_rad=-2.4618544578552246 bearing_rad=0.24159841239452362 route_next=Some(887) gate=Vec3(1090.8932, 9.97041, 61.40383) aim=Vec3(1090.8932, 9.97041, 61.40383)
2026-10-04T05:48:37.909005Z  INFO mm2_app::scripted: scripted player re-anchored onto its route after a bounded stuck tick=72202 reanchors=9 position=Vec3(1089.3142, 8.909263, 58.58458) speed=0.020335422828793526 heading_rad=-2.3408422470092773 route_next=885 gate=Vec3(1090.8932, 9.97041, 61.40383) landing=Vec3(1083.8198, 9.716013, 52.74283)
2026-10-04T05:48:38.772890Z  INFO mm2_app::scripted: scripted player started a bounded escape after sustained low-speed throttle tick=72600 escapes=54 position=Vec3(1084.7289, 8.4548, 53.24731) speed=0.024105506017804146 heading_rad=-2.4787707328796387 bearing_rad=0.015649670735001564 route_next=Some(886) gate=Vec3(1090.8932, 9.97041, 61.40383) aim=Vec3(1090.8932, 9.97041, 61.40383)
2026-10-04T05:48:40.461905Z  INFO mm2_app::scripted: scripted player started a bounded escape after sustained low-speed throttle tick=73360 escapes=55 position=Vec3(1090.4312, 8.901152, 60.078552) speed=-0.03707224875688553 heading_rad=-2.5305886268615723 bearing_rad=0.2755475342273712 route_next=Some(887) gate=Vec3(1090.8932, 9.97041, 61.40383) aim=Vec3(1090.8932, 9.97041, 61.40383)
2026-10-04T05:48:41.359226Z  INFO mm2_app::scripted: scripted player started a bounded escape after sustained low-speed throttle tick=73774 escapes=56 position=Vec3(1090.0525, 8.786125, 59.78769) speed=0.007099512033164501 heading_rad=-2.4671080112457275 bearing_rad=0.1948171705007553 route_next=Some(887) gate=Vec3(1090.8932, 9.97041, 61.40383) aim=Vec3(1090.8932, 9.97041, 61.40383)
2026-10-04T05:48:42.719528Z  INFO mm2_app::scripted: scripted player started a bounded escape after sustained low-speed throttle tick=74334 escapes=57 position=Vec3(1090.3137, 8.805469, 60.10485) speed=-6.57038763165474e-5 heading_rad=-2.4713127613067627 bearing_rad=0.25067877769470215 route_next=Some(887) gate=Vec3(1090.8932, 9.97041, 61.40383) aim=Vec3(1090.8932, 9.97041, 61.40383)
2026-10-04T05:48:43.636398Z  INFO mm2_app::scripted: scripted player started a bounded escape after sustained low-speed throttle tick=74748 escapes=58 position=Vec3(1090.2478, 8.796261, 60.027477) speed=0.005969398654997349 heading_rad=-2.4624040126800537 bearing_rad=0.2407211810350418 route_next=Some(887) gate=Vec3(1090.8932, 9.97041, 61.40383) aim=Vec3(1090.8932, 9.97041, 61.40383)
2026-10-04T05:48:43.872546Z  INFO mm2_app::opponents: opponent re-anchored onto its route after a bounded stuck vehicle=sthlm_racer reanchors=3 from=Vec3(-1163.2349, 14.3464575, 127.95315) to=Vec3(-1162.5731, 14.811008, 137.11844)
2026-10-04T05:48:44.094227Z  INFO mm2_app::scripted: scripted player re-anchored onto its route after a bounded stuck tick=74950 reanchors=10 position=Vec3(1089.2894, 8.908799, 58.551155) speed=0.02757978066802025 heading_rad=-2.339914560317993 route_next=885 gate=Vec3(1090.8932, 9.97041, 61.40383) landing=Vec3(1083.7936, 9.713766, 52.71064)
2026-10-04T05:48:44.981398Z  INFO mm2_app::scripted: scripted player started a bounded escape after sustained low-speed throttle tick=75362 escapes=59 position=Vec3(1085.304, 8.497752, 53.950233) speed=0.7392756938934326 heading_rad=-2.475433826446533 bearing_rad=0.02274063602089882 route_next=Some(886) gate=Vec3(1090.8932, 9.97041, 61.40383) aim=Vec3(1090.8932, 9.97041, 61.40383)
2026-10-04T05:48:46.327062Z  INFO mm2_app::scripted: scripted player started a bounded escape after sustained low-speed throttle tick=75984 escapes=60 position=Vec3(1088.874, 8.742879, 58.29878) speed=0.17378564178943634 heading_rad=-2.490272283554077 bearing_rad=0.07474581897258759 route_next=Some(887) gate=Vec3(1090.8932, 9.97041, 61.40383) aim=Vec3(1090.8932, 9.97041, 61.40383)
2026-10-04T05:48:47.215606Z  INFO mm2_app::scripted: scripted player started a bounded escape after sustained low-speed throttle tick=76398 escapes=61 position=Vec3(1088.9128, 8.726104, 58.379715) speed=0.050324760377407074 heading_rad=-2.4731411933898926 bearing_rad=0.08867336809635162 route_next=Some(887) gate=Vec3(1090.8932, 9.97041, 61.40383) aim=Vec3(1090.8932, 9.97041, 61.40383)
2026-10-04T05:48:48.502507Z  INFO mm2_app::scripted: scripted player started a bounded escape after sustained low-speed throttle tick=76992 escapes=62 position=Vec3(1090.3042, 8.803378, 60.096935) speed=0.021058551967144012 heading_rad=-2.470348834991455 bearing_rad=0.24782629311084747 route_next=Some(887) gate=Vec3(1090.8932, 9.97041, 61.40383) aim=Vec3(1090.8932, 9.97041, 61.40383)
2026-10-04T05:48:49.412063Z  INFO mm2_app::scripted: scripted player started a bounded escape after sustained low-speed throttle tick=77406 escapes=63 position=Vec3(1090.2567, 8.796563, 60.03731) speed=0.005538484547287226 heading_rad=-2.461646795272827 bearing_rad=0.24406087398529053 route_next=Some(887) gate=Vec3(1090.8932, 9.97041, 61.40383) aim=Vec3(1090.8932, 9.97041, 61.40383)
2026-10-04T05:48:50.846733Z  INFO mm2_app::scripted: scripted player started a bounded escape after sustained low-speed throttle tick=77962 escapes=64 position=Vec3(1090.3114, 8.8067875, 60.103394) speed=0.00022436119616031647 heading_rad=-2.4721033573150635 bearing_rad=0.24881812930107117 route_next=Some(887) gate=Vec3(1090.8932, 9.97041, 61.40383) aim=Vec3(1090.8932, 9.97041, 61.40383)
2026-10-04T05:48:51.946865Z  INFO mm2_app::scripted: scripted player started a bounded escape after sustained low-speed throttle tick=78376 escapes=65 position=Vec3(1090.2533, 8.796454, 60.03349) speed=0.0049596382305026054 heading_rad=-2.4618923664093018 bearing_rad=0.24283373355865479 route_next=Some(887) gate=Vec3(1090.8932, 9.97041, 61.40383) aim=Vec3(1090.8932, 9.97041, 61.40383)
2026-10-04T05:48:52.347969Z  INFO mm2_app::scripted: scripted player re-anchored onto its route after a bounded stuck tick=78530 reanchors=11 position=Vec3(1089.3846, 8.909712, 58.660805) speed=-1.9209970235824585 heading_rad=-2.323016405105591 route_next=885 gate=Vec3(1090.8932, 9.97041, 61.40383) landing=Vec3(1083.8854, 9.721612, 52.823063)
2026-10-04T05:48:53.557165Z  INFO mm2_app::scripted: scripted player started a bounded escape after sustained low-speed throttle tick=79068 escapes=66 position=Vec3(1086.9706, 8.605954, 55.99517) speed=0.060582734644412994 heading_rad=-2.4758989810943604 bearing_rad=0.03822453320026398 route_next=Some(886) gate=Vec3(1090.8932, 9.97041, 61.40383) aim=Vec3(1090.8932, 9.97041, 61.40383)
2026-10-04T05:48:55.053766Z  INFO mm2_app::scripted: scripted player started a bounded escape after sustained low-speed throttle tick=79732 escapes=67 position=Vec3(1090.4556, 8.816833, 60.272068) speed=0.022739529609680176 heading_rad=-2.4733660221099854 bearing_rad=0.29926180839538574 route_next=Some(887) gate=Vec3(1090.8932, 9.97041, 61.40383) aim=Vec3(1090.8932, 9.97041, 61.40383)
2026-10-04T05:48:56.095624Z  INFO mm2_app::scripted: scripted player started a bounded escape after sustained low-speed throttle tick=80146 escapes=68 position=Vec3(1090.426, 8.81831, 60.245083) speed=0.003998639527708292 heading_rad=-2.460796594619751 bearing_rad=0.2975670099258423 route_next=Some(887) gate=Vec3(1090.8932, 9.97041, 61.40383) aim=Vec3(1090.8932, 9.97041, 61.40383)
2026-10-04T05:48:57.343827Z  INFO mm2_app::scripted: scripted player started a bounded escape after sustained low-speed throttle tick=80718 escapes=69 position=Vec3(1090.3549, 8.811257, 60.15197) speed=0.0019260961562395096 heading_rad=-2.473580837249756 bearing_rad=0.26189377903938293 route_next=Some(887) gate=Vec3(1090.8932, 9.97041, 61.40383) aim=Vec3(1090.8932, 9.97041, 61.40383)
2026-10-04T05:48:58.248167Z  INFO mm2_app::scripted: scripted player started a bounded escape after sustained low-speed throttle tick=81132 escapes=70 position=Vec3(1090.2509, 8.79591, 60.029194) speed=0.005182754714041948 heading_rad=-2.4623990058898926 bearing_rad=0.24206694960594177 route_next=Some(887) gate=Vec3(1090.8932, 9.97041, 61.40383) aim=Vec3(1090.8932, 9.97041, 61.40383)
2026-10-04T05:48:58.661416Z  INFO mm2_app::scripted: scripted player re-anchored onto its route after a bounded stuck tick=81314 reanchors=12 position=Vec3(1089.3284, 8.907555, 58.5997) speed=0.007095096632838249 heading_rad=-2.3403663635253906 route_next=885 gate=Vec3(1090.8932, 9.97041, 61.40383) landing=Vec3(1083.8329, 9.71713, 52.75884)
2026-10-04T05:48:59.537736Z  INFO mm2_app::scripted: scripted player started a bounded escape after sustained low-speed throttle tick=81718 escapes=71 position=Vec3(1084.733, 8.457902, 53.253067) speed=-0.0005060622934252024 heading_rad=-2.476231336593628 bearing_rad=0.01817348413169384 route_next=Some(886) gate=Vec3(1090.8932, 9.97041, 61.40383) aim=Vec3(1090.8932, 9.97041, 61.40383)
2026-10-04T05:49:01.188629Z  INFO mm2_app::scripted: scripted player started a bounded escape after sustained low-speed throttle tick=82472 escapes=72 position=Vec3(1090.4368, 8.905604, 60.078754) speed=-0.044393256306648254 heading_rad=-2.5334291458129883 bearing_rad=0.27644285559654236 route_next=Some(887) gate=Vec3(1090.8932, 9.97041, 61.40383) aim=Vec3(1090.8932, 9.97041, 61.40383)
2026-10-04T05:49:02.094297Z  INFO mm2_app::scripted: scripted player started a bounded escape after sustained low-speed throttle tick=82886 escapes=73 position=Vec3(1090.065, 8.786712, 59.803387) speed=0.00680946372449398 heading_rad=-2.466773748397827 bearing_rad=0.19726115465164185 route_next=Some(887) gate=Vec3(1090.8932, 9.97041, 61.40383) aim=Vec3(1090.8932, 9.97041, 61.40383)
2026-10-04T05:49:03.312992Z  INFO mm2_app::scripted: scripted player started a bounded escape after sustained low-speed throttle tick=83446 escapes=74 position=Vec3(1090.3162, 8.806891, 60.10664) speed=8.876039646565914e-5 heading_rad=-2.470623254776001 bearing_rad=0.25242531299591064 route_next=Some(887) gate=Vec3(1090.8932, 9.97041, 61.40383) aim=Vec3(1090.8932, 9.97041, 61.40383)
2026-10-04T05:49:04.208934Z  INFO mm2_app::scripted: scripted player started a bounded escape after sustained low-speed throttle tick=83860 escapes=75 position=Vec3(1090.2499, 8.796228, 60.029366) speed=0.004875050857663155 heading_rad=-2.4624860286712646 bearing_rad=0.24134904146194458 route_next=Some(887) gate=Vec3(1090.8932, 9.97041, 61.40383) aim=Vec3(1090.8932, 9.97041, 61.40383)
2026-10-04T05:49:04.652798Z  INFO mm2_app::scripted: scripted player re-anchored onto its route after a bounded stuck tick=84062 reanchors=13 position=Vec3(1089.3246, 8.901262, 58.617943) speed=0.011736741289496422 heading_rad=-2.3505971431732178 route_next=885 gate=Vec3(1090.8932, 9.97041, 61.40383) landing=Vec3(1083.8403, 9.717764, 52.76793)
2026-10-04T05:49:05.557918Z  INFO mm2_app::scripted: scripted player started a bounded escape after sustained low-speed throttle tick=84460 escapes=76 position=Vec3(1084.7366, 8.459471, 53.255688) speed=-0.014123741537332535 heading_rad=-2.4754586219787598 bearing_rad=0.01906801201403141 route_next=Some(886) gate=Vec3(1090.8932, 9.97041, 61.40383) aim=Vec3(1090.8932, 9.97041, 61.40383)
2026-10-04T05:49:07.246704Z  INFO mm2_app::scripted: scripted player started a bounded escape after sustained low-speed throttle tick=85212 escapes=77 position=Vec3(1090.4274, 8.899056, 60.079395) speed=0.020668765529990196 heading_rad=-2.529528856277466 bearing_rad=0.2738644778728485 route_next=Some(887) gate=Vec3(1090.8932, 9.97041, 61.40383) aim=Vec3(1090.8932, 9.97041, 61.40383)
2026-10-04T05:49:08.160254Z  INFO mm2_app::scripted: scripted player started a bounded escape after sustained low-speed throttle tick=85626 escapes=78 position=Vec3(1090.071, 8.7867155, 59.810337) speed=0.00710277259349823 heading_rad=-2.4663519859313965 bearing_rad=0.1989244520664215 route_next=Some(887) gate=Vec3(1090.8932, 9.97041, 61.40383) aim=Vec3(1090.8932, 9.97041, 61.40383)
2026-10-04T05:49:09.418353Z  INFO mm2_app::scripted: scripted player started a bounded escape after sustained low-speed throttle tick=86184 escapes=79 position=Vec3(1090.3154, 8.806378, 60.10603) speed=-6.422912701964378e-5 heading_rad=-2.4707021713256836 bearing_rad=0.2520499527454376 route_next=Some(887) gate=Vec3(1090.8932, 9.97041, 61.40383) aim=Vec3(1090.8932, 9.97041, 61.40383)
2026-10-04T05:49:10.322140Z  INFO mm2_app::scripted: scripted player started a bounded escape after sustained low-speed throttle tick=86598 escapes=80 position=Vec3(1090.2358, 8.79474, 60.01051) speed=0.00572939682751894 heading_rad=-2.4617717266082764 bearing_rad=0.2389988899230957 route_next=Some(887) gate=Vec3(1090.8932, 9.97041, 61.40383) aim=Vec3(1090.8932, 9.97041, 61.40383)
2026-10-04T05:49:10.772951Z  INFO mm2_app::scripted: scripted player re-anchored onto its route after a bounded stuck tick=86802 reanchors=14 position=Vec3(1089.285, 8.901054, 58.563705) speed=0.03599490225315094 heading_rad=-2.3478574752807617 route_next=885 gate=Vec3(1090.8932, 9.97041, 61.40383) landing=Vec3(1083.798, 9.714142, 52.716015)
2026-10-04T05:49:11.674199Z  INFO mm2_app::scripted: scripted player started a bounded escape after sustained low-speed throttle tick=87210 escapes=81 position=Vec3(1084.7351, 8.458759, 53.254524) speed=-7.924889359856024e-5 heading_rad=-2.475942373275757 bearing_rad=0.01853851228952408 route_next=Some(886) gate=Vec3(1090.8932, 9.97041, 61.40383) aim=Vec3(1090.8932, 9.97041, 61.40383)
2026-10-04T05:49:13.338449Z  INFO mm2_app::scripted: scripted player started a bounded escape after sustained low-speed throttle tick=87968 escapes=82 position=Vec3(1090.444, 8.911274, 60.07882) speed=0.012632611207664013 heading_rad=-2.536841869354248 bearing_rad=0.27788209915161133 route_next=Some(887) gate=Vec3(1090.8932, 9.97041, 61.40383) aim=Vec3(1090.8932, 9.97041, 61.40383)
2026-10-04T05:49:14.284466Z  INFO mm2_app::scripted: scripted player started a bounded escape after sustained low-speed throttle tick=88382 escapes=83 position=Vec3(1090.0736, 8.786968, 59.81398) speed=0.006660072132945061 heading_rad=-2.466388463973999 bearing_rad=0.19922785460948944 route_next=Some(887) gate=Vec3(1090.8932, 9.97041, 61.40383) aim=Vec3(1090.8932, 9.97041, 61.40383)
2026-10-04T05:49:15.516095Z  INFO mm2_app::scripted: scripted player started a bounded escape after sustained low-speed throttle tick=88942 escapes=84 position=Vec3(1090.3151, 8.805876, 60.105587) speed=-7.596099749207497e-8 heading_rad=-2.470712184906006 bearing_rad=0.25193116068840027 route_next=Some(887) gate=Vec3(1090.8932, 9.97041, 61.40383) aim=Vec3(1090.8932, 9.97041, 61.40383)
2026-10-04T05:49:16.482254Z  INFO mm2_app::scripted: scripted player started a bounded escape after sustained low-speed throttle tick=89356 escapes=85 position=Vec3(1090.2472, 8.795795, 60.025253) speed=0.004985608160495758 heading_rad=-2.461820363998413 bearing_rad=0.2415621131658554 route_next=Some(887) gate=Vec3(1090.8932, 9.97041, 61.40383) aim=Vec3(1090.8932, 9.97041, 61.40383)
2026-10-04T05:49:16.926954Z  INFO mm2_app::scripted: scripted player re-anchored onto its route after a bounded stuck tick=89556 reanchors=15 position=Vec3(1089.3188, 8.90914, 58.59055) speed=0.03170354664325714 heading_rad=-2.341153621673584 route_next=885 gate=Vec3(1090.8932, 9.97041, 61.40383) landing=Vec3(1083.8246, 9.716421, 52.748684)
2026-10-04T05:49:17.345943Z  INFO mm2_app::opponents: opponent re-anchored onto its route after a bounded stuck vehicle=sthlm_racer reanchors=4 from=Vec3(622.92126, 0.6999164, -27.623177) to=Vec3(626.2148, 4.705244, -18.56556)
2026-10-04T05:49:17.792736Z  INFO mm2_app::scripted: scripted player started a bounded escape after sustained low-speed throttle tick=89946 escapes=86 position=Vec3(1084.7267, 8.453653, 53.244892) speed=-0.013902182690799236 heading_rad=-2.4799673557281494 bearing_rad=0.014424288645386696 route_next=Some(886) gate=Vec3(1090.8932, 9.97041, 61.40383) aim=Vec3(1090.8932, 9.97041, 61.40383)
2026-10-04T05:49:19.482257Z  INFO mm2_app::scripted: scripted player started a bounded escape after sustained low-speed throttle tick=90708 escapes=87 position=Vec3(1090.4629, 8.919501, 60.084038) speed=-0.03956374153494835 heading_rad=-2.5336849689483643 bearing_rad=0.29274067282676697 route_next=Some(887) gate=Vec3(1090.8932, 9.97041, 61.40383) aim=Vec3(1090.8932, 9.97041, 61.40383)
2026-10-04T05:49:20.432334Z  INFO mm2_app::scripted: scripted player started a bounded escape after sustained low-speed throttle tick=91122 escapes=88 position=Vec3(1090.0227, 8.785275, 59.7518) speed=0.0073239123448729515 heading_rad=-2.4684319496154785 bearing_rad=0.18821197748184204 route_next=Some(887) gate=Vec3(1090.8932, 9.97041, 61.40383) aim=Vec3(1090.8932, 9.97041, 61.40383)
2026-10-04T05:49:21.328239Z  INFO mm2_app::opponents: opponent re-anchored onto its route after a bounded stuck vehicle=sthlm_racer reanchors=4 from=Vec3(617.73285, 0.574184, -26.1947) to=Vec3(621.74164, 4.7275934, -17.752947)
2026-10-04T05:49:21.669627Z  INFO mm2_app::scripted: scripted player started a bounded escape after sustained low-speed throttle tick=91686 escapes=89 position=Vec3(1090.3143, 8.806605, 60.105484) speed=5.604187026619911e-5 heading_rad=-2.4710803031921387 bearing_rad=0.25112184882164 route_next=Some(887) gate=Vec3(1090.8932, 9.97041, 61.40383) aim=Vec3(1090.8932, 9.97041, 61.40383)
2026-10-04T05:49:22.624891Z  INFO mm2_app::scripted: scripted player started a bounded escape after sustained low-speed throttle tick=92100 escapes=90 position=Vec3(1090.2396, 8.795496, 60.016827) speed=0.00516585074365139 heading_rad=-2.462204694747925 bearing_rad=0.2390400469303131 route_next=Some(887) gate=Vec3(1090.8932, 9.97041, 61.40383) aim=Vec3(1090.8932, 9.97041, 61.40383)
2026-10-04T05:49:23.125041Z  INFO mm2_app::scripted: scripted player re-anchored onto its route after a bounded stuck tick=92296 reanchors=16 position=Vec3(1089.2917, 8.900577, 58.573643) speed=0.012046221643686295 heading_rad=-2.348494052886963 route_next=885 gate=Vec3(1090.8932, 9.97041, 61.40383) landing=Vec3(1083.8055, 9.714787, 52.725266)
2026-10-04T05:49:24.170209Z  INFO mm2_app::scripted: scripted player started a bounded escape after sustained low-speed throttle tick=92694 escapes=91 position=Vec3(1084.7264, 8.454177, 53.246265) speed=-5.049451647209935e-5 heading_rad=-2.4792935848236084 bearing_rad=0.014998013153672218 route_next=Some(886) gate=Vec3(1090.8932, 9.97041, 61.40383) aim=Vec3(1090.8932, 9.97041, 61.40383)
2026-10-04T05:49:26.163118Z  INFO mm2_app::scripted: scripted player started a bounded escape after sustained low-speed throttle tick=93458 escapes=92 position=Vec3(1090.4689, 8.922707, 60.08541) speed=-0.042751021683216095 heading_rad=-2.533651828765869 bearing_rad=0.2965724468231201 route_next=Some(887) gate=Vec3(1090.8932, 9.97041, 61.40383) aim=Vec3(1090.8932, 9.97041, 61.40383)
2026-10-04T05:49:27.127081Z  INFO mm2_app::scripted: scripted player started a bounded escape after sustained low-speed throttle tick=93872 escapes=93 position=Vec3(1090.0155, 8.784706, 59.741764) speed=0.0072979796677827835 heading_rad=-2.4685897827148438 bearing_rad=0.18715333938598633 route_next=Some(887) gate=Vec3(1090.8932, 9.97041, 61.40383) aim=Vec3(1090.8932, 9.97041, 61.40383)
2026-10-04T05:49:28.360066Z  INFO mm2_app::scripted: scripted player started a bounded escape after sustained low-speed throttle tick=94432 escapes=94 position=Vec3(1090.343, 8.812047, 60.140476) speed=0.012448742054402828 heading_rad=-2.472036838531494 bearing_rad=0.25883880257606506 route_next=Some(887) gate=Vec3(1090.8932, 9.97041, 61.40383) aim=Vec3(1090.8932, 9.97041, 61.40383)
2026-10-04T05:49:29.308396Z  INFO mm2_app::scripted: scripted player started a bounded escape after sustained low-speed throttle tick=94846 escapes=95 position=Vec3(1090.296, 8.797196, 60.081516) speed=2.0395265892148018e-5 heading_rad=-2.46189284324646 bearing_rad=0.2555095851421356 route_next=Some(887) gate=Vec3(1090.8932, 9.97041, 61.40383) aim=Vec3(1090.8932, 9.97041, 61.40383)
2026-10-04T05:49:29.745040Z  INFO mm2_app::scripted: scripted player re-anchored onto its route after a bounded stuck tick=95044 reanchors=17 position=Vec3(1089.2993, 8.89153, 58.607048) speed=0.03160848468542099 heading_rad=-2.3602609634399414 route_next=883 gate=Vec3(1090.8932, 9.97041, 61.40383) landing=Vec3(1076.2343, 9.067867, 43.454777)
2026-10-04T05:49:30.230729Z  INFO mm2_app::scripted: scripted player started a bounded escape after sustained low-speed throttle tick=95266 escapes=96 position=Vec3(1076.7854, 7.994515, 44.075336) speed=0.9307007789611816 heading_rad=-2.6367979049682617 bearing_rad=-0.17718471586704254 route_next=Some(883) gate=Vec3(1090.8932, 9.97041, 61.40383) aim=Vec3(1084.3494, 9.20298, 53.391247)
2026-10-04T05:49:31.179189Z  INFO mm2_app::scripted: scripted player started a bounded escape after sustained low-speed throttle tick=95680 escapes=97 position=Vec3(1076.8466, 7.9382977, 44.40913) speed=0.05081619322299957 heading_rad=-2.7103519439697266 bearing_rad=-0.2643902003765106 route_next=Some(883) gate=Vec3(1090.8932, 9.97041, 61.40383) aim=Vec3(1084.5375, 9.20298, 53.6215)
2026-10-04T05:49:32.142294Z  INFO mm2_app::scripted: scripted player started a bounded escape after sustained low-speed throttle tick=96094 escapes=98 position=Vec3(1076.7881, 7.8998375, 44.51836) speed=0.0013970881700515747 heading_rad=-2.7871086597442627 bearing_rad=-0.3506731390953064 route_next=Some(883) gate=Vec3(1090.8932, 9.97041, 61.40383) aim=Vec3(1084.5675, 9.20298, 53.65833)
2026-10-04T05:49:33.108014Z  INFO mm2_app::scripted: scripted player started a bounded escape after sustained low-speed throttle tick=96508 escapes=99 position=Vec3(1076.7881, 7.8982058, 44.526257) speed=0.0013442684430629015 heading_rad=-2.7828731536865234 bearing_rad=-0.3468550443649292 route_next=Some(883) gate=Vec3(1090.8932, 9.97041, 61.40383) aim=Vec3(1084.5714, 9.20298, 53.663086)
2026-10-04T05:49:33.894795Z  INFO mm2_app::scripted: scripted player re-anchored onto its route after a bounded stuck tick=96844 reanchors=18 position=Vec3(1076.7881, 7.8968916, 44.532654) speed=0.0012904189061373472 heading_rad=-2.779383897781372 route_next=881 gate=Vec3(1090.8932, 9.97041, 61.40383) landing=Vec3(1071.9236, 8.6995325, 38.176502)
2026-10-04T05:49:34.800843Z  INFO mm2_app::scripted: scripted player started a bounded escape after sustained low-speed throttle tick=97244 escapes=100 position=Vec3(1075.1246, 7.7896667, 42.50697) speed=0.016634033992886543 heading_rad=-2.6367111206054688 bearing_rad=-0.20003318786621094 route_next=Some(883) gate=Vec3(1090.8932, 9.97041, 61.40383) aim=Vec3(1083.5148, 9.20298, 52.36931)
2026-10-04T05:49:34.862612Z  INFO mm2_app::opponents: opponent re-anchored onto its route after a bounded stuck vehicle=sthlm_racer reanchors=5 from=Vec3(1092.4749, 7.6128063, 65.84429) to=Vec3(1086.2587, 9.924407, 55.72912)
2026-10-04T05:49:35.747115Z  INFO mm2_app::scripted: scripted player started a bounded escape after sustained low-speed throttle tick=97658 escapes=101 position=Vec3(1075.0796, 7.7778673, 42.51813) speed=-0.0033217770978808403 heading_rad=-2.612208843231201 bearing_rad=-0.1787339597940445 route_next=Some(883) gate=Vec3(1090.8932, 9.97041, 61.40383) aim=Vec3(1083.5148, 9.20298, 52.36931)
2026-10-04T05:49:36.690108Z  INFO mm2_app::scripted: scripted player started a bounded escape after sustained low-speed throttle tick=98072 escapes=102 position=Vec3(1075.0543, 7.767549, 42.52776) speed=-0.002474895678460598 heading_rad=-2.599562406539917 bearing_rad=-0.16804899275302887 route_next=Some(883) gate=Vec3(1090.8932, 9.97041, 61.40383) aim=Vec3(1083.5148, 9.20298, 52.36931)
2026-10-04T05:49:37.670061Z  INFO mm2_app::scripted: scripted player started a bounded escape after sustained low-speed throttle tick=98486 escapes=103 position=Vec3(1075.0327, 7.759252, 42.53603) speed=-0.0016174386255443096 heading_rad=-2.5887556076049805 bearing_rad=-0.1589190810918808 route_next=Some(883) gate=Vec3(1090.8932, 9.97041, 61.40383) aim=Vec3(1083.5148, 9.20298, 52.36931)
2026-10-04T05:49:38.050075Z  INFO mm2_app::scripted: scripted player re-anchored onto its route after a bounded stuck tick=98644 reanchors=19 position=Vec3(1075.0269, 7.756932, 42.53898) speed=-0.0019806651398539543 heading_rad=-2.5850212574005127 route_next=880 gate=Vec3(1090.8932, 9.97041, 61.40383) landing=Vec3(1068.3336, 8.39279, 33.780792)
2026-10-04T05:49:39.765062Z  INFO mm2_app::opponents: opponent re-anchored onto its route after a bounded stuck vehicle=sthlm_racer reanchors=7 from=Vec3(626.2019, 0.69998395, -24.090584) to=Vec3(618.3436, 4.744571, -17.135643)
2026-10-04T05:49:40.889395Z  INFO mm2_app::opponents: opponent re-anchored onto its route after a bounded stuck vehicle=sthlm_racer reanchors=6 from=Vec3(1092.7347, 7.7834554, 66.529724) to=Vec3(1081.4923, 9.517132, 49.892845)
2026-10-04T05:49:40.907260Z  INFO mm2_app::opponents: opponent re-anchored onto its route after a bounded stuck vehicle=sthlm_racer reanchors=4 from=Vec3(1086.1688, 7.7655373, 58.27762) to=Vec3(1065.1277, 8.118853, 29.85527)
2026-10-04T05:49:42.152227Z  INFO mm2_app::scripted: scripted player re-anchored onto its route after a bounded stuck tick=100444 reanchors=20 position=Vec3(1071.1832, 7.4335313, 38.954124) speed=0.009838378056883812 heading_rad=-2.693913698196411 route_next=878 gate=Vec3(1090.8932, 9.97041, 61.40383) landing=Vec3(1061.8876, 7.8419995, 25.887884)
2026-10-04T05:49:45.180090Z  INFO mm2_app::opponents: opponent re-anchored onto its route after a bounded stuck vehicle=sthlm_racer reanchors=7 from=Vec3(1081.6918, 8.34216, 49.907894) to=Vec3(1074.3213, 8.904404, 41.112354)
2026-10-04T05:49:47.190708Z  INFO mm2_app::scripted: scripted player re-anchored onto its route after a bounded stuck tick=102568 reanchors=21 position=Vec3(1066.6471, 7.231214, 33.30693) speed=0.011701776646077633 heading_rad=-2.7588768005371094 route_next=878 gate=Vec3(1090.8932, 9.97041, 61.40383) landing=Vec3(1062.3663, 7.8829026, 26.47405)
2026-10-04T05:49:48.658653Z  INFO mm2_app::scripted: scripted player started a bounded escape after sustained low-speed throttle tick=103214 escapes=104 position=Vec3(1068.0244, 7.348563, 34.393173) speed=0.005026624538004398 heading_rad=-2.7889349460601807 bearing_rad=-0.38436955213546753 route_next=Some(880) gate=Vec3(1090.8932, 9.97041, 61.40383) aim=Vec3(1076.1005, 8.69137, 43.2909)
2026-10-04T05:49:49.068030Z  INFO mm2_app::opponents: opponent re-anchored onto its route after a bounded stuck vehicle=sthlm_racer reanchors=5 from=Vec3(1104.2166, 8.535358, 79.4562) to=Vec3(1098.0684, 9.617598, 70.21931)
2026-10-04T05:49:49.801132Z  INFO mm2_app::scripted: scripted player started a bounded escape after sustained low-speed throttle tick=103730 escapes=105 position=Vec3(1068.0167, 7.342084, 34.40671) speed=-0.006439057178795338 heading_rad=-2.7986481189727783 bearing_rad=-0.395285427570343 route_next=Some(880) gate=Vec3(1090.8932, 9.97041, 61.40383) aim=Vec3(1076.104, 8.69137, 43.295307)
2026-10-04T05:49:50.375266Z  INFO mm2_app::opponents: opponent re-anchored onto its route after a bounded stuck vehicle=sthlm_racer reanchors=8 from=Vec3(1042.1464, 5.562871, 0.8631565) to=Vec3(1036.6683, 5.687113, -4.9919243)
2026-10-04T05:49:51.823875Z  INFO mm2_app::scripted: scripted player re-anchored onto its route after a bounded stuck tick=104638 reanchors=22 position=Vec3(1067.8367, 7.285376, 34.569317) speed=0.04286836087703705 heading_rad=-2.793459415435791 route_next=877 gate=Vec3(1090.8932, 9.97041, 61.40383) landing=Vec3(1060.9305, 7.760227, 24.716042)
2026-10-04T05:49:52.884080Z  INFO mm2_app::scripted: scripted player started a bounded escape after sustained low-speed throttle tick=105106 escapes=106 position=Vec3(1065.7537, 7.2573566, 31.17224) speed=-0.0017949547618627548 heading_rad=-2.616472005844116 bearing_rad=-0.18872269988059998 route_next=Some(879) gate=Vec3(1090.8932, 9.97041, 61.40383) aim=Vec3(1073.6139, 8.43556, 40.24627)
2026-10-04T05:49:53.791083Z  INFO mm2_app::scripted: scripted player started a bounded escape after sustained low-speed throttle tick=105520 escapes=107 position=Vec3(1065.7188, 7.248253, 31.189264) speed=0.003080747788771987 heading_rad=-2.5954813957214355 bearing_rad=-0.17088039219379425 route_next=Some(879) gate=Vec3(1090.8932, 9.97041, 61.40383) aim=Vec3(1073.6083, 8.43556, 40.239384)
2026-10-04T05:49:54.735563Z  INFO mm2_app::scripted: scripted player started a bounded escape after sustained low-speed throttle tick=105934 escapes=108 position=Vec3(1065.6769, 7.237642, 31.213322) speed=0.0016337044071406126 heading_rad=-2.575629711151123 bearing_rad=-0.15500089526176453 route_next=Some(879) gate=Vec3(1090.8932, 9.97041, 61.40383) aim=Vec3(1073.6034, 8.43556, 40.233284)
2026-10-04T05:49:55.759190Z  INFO mm2_app::scripted: scripted player started a bounded escape after sustained low-speed throttle tick=106348 escapes=109 position=Vec3(1065.6536, 7.2273717, 31.229935) speed=0.0026475805789232254 heading_rad=-2.562049627304077 bearing_rad=-0.14379698038101196 route_next=Some(879) gate=Vec3(1090.8932, 9.97041, 61.40383) aim=Vec3(1073.6022, 8.43556, 40.23181)
2026-10-04T05:49:55.966701Z  INFO mm2_app::opponents: opponent re-anchored onto its route after a bounded stuck vehicle=sthlm_racer reanchors=9 from=Vec3(1068.0542, 7.216561, 35.93483) to=Vec3(1059.8159, 7.664983, 23.351192)
2026-10-04T05:49:56.871620Z  INFO mm2_app::scripted: scripted player started a bounded escape after sustained low-speed throttle tick=106762 escapes=110 position=Vec3(1065.5706, 7.209877, 31.23805) speed=-0.0025771716609597206 heading_rad=-2.556007146835327 bearing_rad=-0.14352449774742126 route_next=Some(879) gate=Vec3(1090.8932, 9.97041, 61.40383) aim=Vec3(1073.5729, 8.43556, 40.196045)
2026-10-04T05:49:56.925443Z  INFO mm2_app::scripted: scripted player re-anchored onto its route after a bounded stuck tick=106782 reanchors=23 position=Vec3(1065.5688, 7.2102275, 31.238983) speed=-0.0007815975695848465 heading_rad=-2.5544161796569824 route_next=875 gate=Vec3(1090.8932, 9.97041, 61.40383) landing=Vec3(1053.3312, 7.1108913, 15.411002)
2026-10-04T05:49:57.107755Z  INFO mm2_app::opponents: opponent re-anchored onto its route after a bounded stuck vehicle=sthlm_racer reanchors=5 from=Vec3(1581.628, 6.2658334, 856.7561) to=Vec3(1551.434, 13.152215, 881.65076)
2026-10-04T05:49:57.507860Z  INFO mm2_app::scripted: scripted player started a bounded escape after sustained low-speed throttle tick=106994 escapes=111 position=Vec3(1053.6512, 6.312909, 15.394671) speed=0.0008063348941504955 heading_rad=-2.460040807723999 bearing_rad=0.018225548788905144 route_next=Some(875) gate=Vec3(1090.8932, 9.97041, 61.40383) aim=Vec3(1061.0419, 7.41234, 24.852268)
2026-10-04T05:49:59.803547Z  INFO mm2_app::scripted: scripted player started a bounded escape after sustained low-speed throttle tick=107836 escapes=112 position=Vec3(1072.1278, 7.7749934, 37.26476) speed=-0.022104088217020035 heading_rad=-2.683262586593628 bearing_rad=-0.16534407436847687 route_next=Some(881) gate=Vec3(1090.8932, 9.97041, 61.40383) aim=Vec3(1079.1492, 8.94718, 47.02383)
2026-10-04T05:50:00.756575Z  INFO mm2_app::scripted: scripted player started a bounded escape after sustained low-speed throttle tick=108250 escapes=113 position=Vec3(1072.015, 7.740867, 37.26888) speed=-0.016698017716407776 heading_rad=-2.647846221923828 bearing_rad=-0.13740120828151703 route_next=Some(881) gate=Vec3(1090.8932, 9.97041, 61.40383) aim=Vec3(1079.1061, 8.94718, 46.97105)
2026-10-04T05:50:02.506761Z  INFO mm2_app::scripted: scripted player started a bounded escape after sustained low-speed throttle tick=109006 escapes=114 position=Vec3(1079.9053, 8.278755, 46.984783) speed=0.8637298941612244 heading_rad=-2.6217281818389893 bearing_rad=-0.11416017264127731 route_next=Some(884) gate=Vec3(1090.8932, 9.97041, 61.40383) aim=Vec3(1087.0232, 9.45879, 56.665115)
2026-10-04T05:50:03.562756Z  INFO mm2_app::scripted: scripted player started a bounded escape after sustained low-speed throttle tick=109420 escapes=115 position=Vec3(1080.3871, 8.240603, 47.775715) speed=1.1150448322296143 heading_rad=-2.5395655632019043 bearing_rad=-0.042566172778606415 route_next=Some(884) gate=Vec3(1090.8932, 9.97041, 61.40383) aim=Vec3(1087.6034, 9.45879, 57.3756)
2026-10-04T05:50:05.636538Z  INFO mm2_app::scripted: scripted player started a bounded escape after sustained low-speed throttle tick=110204 escapes=116 position=Vec3(1088.9214, 8.991205, 57.82495) speed=0.0032206957694143057 heading_rad=-2.689725399017334 bearing_rad=-0.051708824932575226 route_next=Some(887) gate=Vec3(1090.8932, 9.97041, 61.40383) aim=Vec3(1090.8932, 9.97041, 61.40383)
2026-10-04T05:50:06.674055Z  INFO mm2_app::scripted: scripted player started a bounded escape after sustained low-speed throttle tick=110618 escapes=117 position=Vec3(1088.5314, 8.760794, 57.806194) speed=0.01411767303943634 heading_rad=-2.519960403442383 bearing_rad=0.04070747271180153 route_next=Some(887) gate=Vec3(1090.8932, 9.97041, 61.40383) aim=Vec3(1090.8932, 9.97041, 61.40383)
2026-10-04T05:50:08.296515Z  INFO mm2_app::opponents: opponent re-anchored onto its route after a bounded stuck vehicle=sthlm_racer reanchors=10 from=Vec3(1094.4395, 8.807611, 65.03994) to=Vec3(1083.9723, 9.72904, 52.929516)
2026-10-04T05:50:08.568383Z  INFO mm2_app::scripted: scripted player started a bounded escape after sustained low-speed throttle tick=111370 escapes=118 position=Vec3(1090.4569, 8.893659, 60.155506) speed=0.04213053360581398 heading_rad=-2.5180318355560303 bearing_rad=0.2873389422893524 route_next=Some(887) gate=Vec3(1090.8932, 9.97041, 61.40383) aim=Vec3(1090.8932, 9.97041, 61.40383)
2026-10-04T05:50:09.602942Z  INFO mm2_app::scripted: scripted player started a bounded escape after sustained low-speed throttle tick=111784 escapes=119 position=Vec3(1090.133, 8.789483, 59.888615) speed=0.006056927610188723 heading_rad=-2.4644432067871094 bearing_rad=0.21217042207717896 route_next=Some(887) gate=Vec3(1090.8932, 9.97041, 61.40383) aim=Vec3(1090.8932, 9.97041, 61.40383)
2026-10-04T05:50:10.955746Z  INFO mm2_app::scripted: scripted player started a bounded escape after sustained low-speed throttle tick=112338 escapes=120 position=Vec3(1090.304, 8.802982, 60.099594) speed=-0.00020699994638562202 heading_rad=-2.4752511978149414 bearing_rad=0.24200500547885895 route_next=Some(887) gate=Vec3(1090.8932, 9.97041, 61.40383) aim=Vec3(1090.8932, 9.97041, 61.40383)
2026-10-04T05:50:12.005563Z  INFO mm2_app::scripted: scripted player started a bounded escape after sustained low-speed throttle tick=112752 escapes=121 position=Vec3(1090.2651, 8.797874, 60.049965) speed=0.004612734541296959 heading_rad=-2.462430000305176 bearing_rad=0.24481403827667236 route_next=Some(887) gate=Vec3(1090.8932, 9.97041, 61.40383) aim=Vec3(1090.8932, 9.97041, 61.40383)
2026-10-04T05:50:12.471973Z  INFO mm2_app::scripted: scripted player re-anchored onto its route after a bounded stuck tick=112942 reanchors=24 position=Vec3(1089.2603, 8.896397, 58.53825) speed=0.002608262002468109 heading_rad=-2.350635290145874 route_next=885 gate=Vec3(1090.8932, 9.97041, 61.40383) landing=Vec3(1083.7755, 9.712229, 52.688602)
2026-10-04T05:50:13.493802Z  INFO mm2_app::scripted: scripted player started a bounded escape after sustained low-speed throttle tick=113352 escapes=122 position=Vec3(1084.7269, 8.453122, 53.24388) speed=-0.0043433476239442825 heading_rad=-2.4797282218933105 bearing_rad=0.014742053113877773 route_next=Some(886) gate=Vec3(1090.8932, 9.97041, 61.40383) aim=Vec3(1090.8932, 9.97041, 61.40383)
2026-10-04T05:50:15.376796Z  INFO mm2_app::scripted: scripted player started a bounded escape after sustained low-speed throttle tick=114114 escapes=123 position=Vec3(1090.4635, 8.918772, 60.085266) speed=-0.009458327665925026 heading_rad=-2.5315163135528564 bearing_rad=0.29505324363708496 route_next=Some(887) gate=Vec3(1090.8932, 9.97041, 61.40383) aim=Vec3(1090.8932, 9.97041, 61.40383)
2026-10-04T05:50:16.360652Z  INFO mm2_app::opponents: opponent re-anchored onto its route after a bounded stuck vehicle=sthlm_racer reanchors=8 from=Vec3(1581.7947, 6.273666, 856.8184) to=Vec3(1551.434, 13.152215, 881.65076)
2026-10-04T05:50:16.430551Z  INFO mm2_app::scripted: scripted player started a bounded escape after sustained low-speed throttle tick=114528 escapes=124 position=Vec3(1090.0094, 8.784846, 59.735645) speed=0.006922764703631401 heading_rad=-2.469015121459961 bearing_rad=0.18538258969783783 route_next=Some(887) gate=Vec3(1090.8932, 9.97041, 61.40383) aim=Vec3(1090.8932, 9.97041, 61.40383)
2026-10-04T05:50:17.880030Z  INFO mm2_app::scripted: scripted player started a bounded escape after sustained low-speed throttle tick=115090 escapes=125 position=Vec3(1090.3146, 8.807613, 60.106037) speed=-0.00030019786208868027 heading_rad=-2.471123218536377 bearing_rad=0.2510773539543152 route_next=Some(887) gate=Vec3(1090.8932, 9.97041, 61.40383) aim=Vec3(1090.8932, 9.97041, 61.40383)
2026-10-04T05:50:18.939191Z  INFO mm2_app::scripted: scripted player started a bounded escape after sustained low-speed throttle tick=115504 escapes=126 position=Vec3(1090.2341, 8.794732, 60.008896) speed=0.005247727036476135 heading_rad=-2.461890459060669 bearing_rad=0.2383245974779129 route_next=Some(887) gate=Vec3(1090.8932, 9.97041, 61.40383) aim=Vec3(1090.8932, 9.97041, 61.40383)
2026-10-04T05:50:19.430622Z  INFO mm2_app::scripted: scripted player re-anchored onto its route after a bounded stuck tick=115702 reanchors=25 position=Vec3(1089.3136, 8.895145, 58.617645) speed=0.01014128141105175 heading_rad=-2.355923652648926 route_next=885 gate=Vec3(1090.8932, 9.97041, 61.40383) landing=Vec3(1083.8358, 9.717376, 52.762367)
2026-10-04T05:50:20.443444Z  INFO mm2_app::scripted: scripted player started a bounded escape after sustained low-speed throttle tick=116098 escapes=127 position=Vec3(1084.7314, 8.457288, 53.251534) speed=0.02312427945435047 heading_rad=-2.4767305850982666 bearing_rad=0.017640793696045876 route_next=Some(886) gate=Vec3(1090.8932, 9.97041, 61.40383) aim=Vec3(1090.8932, 9.97041, 61.40383)
2026-10-04T05:50:22.333584Z  INFO mm2_app::scripted: scripted player started a bounded escape after sustained low-speed throttle tick=116852 escapes=128 position=Vec3(1090.4355, 8.904593, 60.078514) speed=-0.005177591927349567 heading_rad=-2.5326452255249023 bearing_rad=0.27645936608314514 route_next=Some(887) gate=Vec3(1090.8932, 9.97041, 61.40383) aim=Vec3(1090.8932, 9.97041, 61.40383)
2026-10-04T05:50:23.267668Z  INFO mm2_app::scripted: scripted player started a bounded escape after sustained low-speed throttle tick=117266 escapes=129 position=Vec3(1090.0583, 8.786402, 59.795048) speed=0.007057357579469681 heading_rad=-2.4668827056884766 bearing_rad=0.19603681564331055 route_next=Some(887) gate=Vec3(1090.8932, 9.97041, 61.40383) aim=Vec3(1090.8932, 9.97041, 61.40383)
2026-10-04T05:50:24.560895Z  INFO mm2_app::scripted: scripted player started a bounded escape after sustained low-speed throttle tick=117826 escapes=130 position=Vec3(1090.3156, 8.806659, 60.106472) speed=0.00015622167848050594 heading_rad=-2.470764636993408 bearing_rad=0.2519392669200897 route_next=Some(887) gate=Vec3(1090.8932, 9.97041, 61.40383) aim=Vec3(1090.8932, 9.97041, 61.40383)
2026-10-04T05:50:25.468190Z  INFO mm2_app::scripted: scripted player started a bounded escape after sustained low-speed throttle tick=118240 escapes=131 position=Vec3(1090.2539, 8.796119, 60.033016) speed=0.004797591827809811 heading_rad=-2.4616923332214355 bearing_rad=0.2435317039489746 route_next=Some(887) gate=Vec3(1090.8932, 9.97041, 61.40383) aim=Vec3(1090.8932, 9.97041, 61.40383)
2026-10-04T05:50:25.936265Z  INFO mm2_app::scripted: scripted player re-anchored onto its route after a bounded stuck tick=118442 reanchors=26 position=Vec3(1089.3303, 8.909706, 58.60546) speed=0.02997354418039322 heading_rad=-2.3414435386657715 route_next=885 gate=Vec3(1090.8932, 9.97041, 61.40383) landing=Vec3(1083.8365, 9.717438, 52.763252)
2026-10-04T05:50:26.800855Z  INFO mm2_app::scripted: scripted player started a bounded escape after sustained low-speed throttle tick=118832 escapes=132 position=Vec3(1084.7286, 8.455534, 53.248695) speed=-0.006369561888277531 heading_rad=-2.478623151779175 bearing_rad=0.0156965721398592 route_next=Some(886) gate=Vec3(1090.8932, 9.97041, 61.40383) aim=Vec3(1090.8932, 9.97041, 61.40383)
2026-10-04T05:50:28.484369Z  INFO mm2_app::scripted: scripted player started a bounded escape after sustained low-speed throttle tick=119594 escapes=133 position=Vec3(1090.4324, 8.902397, 60.079132) speed=-0.010459845885634422 heading_rad=-2.5316503047943115 bearing_rad=0.27517154812812805 route_next=Some(887) gate=Vec3(1090.8932, 9.97041, 61.40383) aim=Vec3(1090.8932, 9.97041, 61.40383)
2026-10-04T05:50:29.469010Z  INFO mm2_app::scripted: scripted player started a bounded escape after sustained low-speed throttle tick=120008 escapes=134 position=Vec3(1090.0691, 8.786878, 59.8086) speed=0.006491339765489101 heading_rad=-2.466571807861328 bearing_rad=0.1981811672449112 route_next=Some(887) gate=Vec3(1090.8932, 9.97041, 61.40383) aim=Vec3(1090.8932, 9.97041, 61.40383)
2026-10-04T05:50:30.804318Z  INFO mm2_app::scripted: scripted player started a bounded escape after sustained low-speed throttle tick=120566 escapes=135 position=Vec3(1090.3138, 8.805835, 60.105057) speed=8.765398524701595e-5 heading_rad=-2.471358299255371 bearing_rad=0.25065264105796814 route_next=Some(887) gate=Vec3(1090.8932, 9.97041, 61.40383) aim=Vec3(1090.8932, 9.97041, 61.40383)
2026-10-04T05:50:31.769539Z  INFO mm2_app::scripted: scripted player started a bounded escape after sustained low-speed throttle tick=120980 escapes=136 position=Vec3(1090.2457, 8.795885, 60.024178) speed=0.0051245721988379955 heading_rad=-2.4622995853424072 bearing_rad=0.2405119687318802 route_next=Some(887) gate=Vec3(1090.8932, 9.97041, 61.40383) aim=Vec3(1090.8932, 9.97041, 61.40383)
2026-10-04T05:50:32.322215Z  INFO mm2_app::scripted: scripted player re-anchored onto its route after a bounded stuck tick=121184 reanchors=27 position=Vec3(1089.2903, 8.90895, 58.552105) speed=0.012610948644578457 heading_rad=-2.339790105819702 route_next=885 gate=Vec3(1090.8932, 9.97041, 61.40383) landing=Vec3(1083.7943, 9.713835, 52.711628)
2026-10-04T05:50:33.720957Z  INFO mm2_app::scripted: scripted player started a bounded escape after sustained low-speed throttle tick=121788 escapes=137 position=Vec3(1086.5924, 8.577248, 55.535866) speed=0.02230147272348404 heading_rad=-2.4769511222839355 bearing_rad=0.03215799480676651 route_next=Some(886) gate=Vec3(1090.8932, 9.97041, 61.40383) aim=Vec3(1090.8932, 9.97041, 61.40383)
2026-10-04T05:50:35.275064Z  INFO mm2_app::scripted: scripted player started a bounded escape after sustained low-speed throttle tick=122488 escapes=138 position=Vec3(1090.4017, 8.860965, 60.125717) speed=0.02682740055024624 heading_rad=-2.4984662532806396 bearing_rad=0.27603939175605774 route_next=Some(887) gate=Vec3(1090.8932, 9.97041, 61.40383) aim=Vec3(1090.8932, 9.97041, 61.40383)
2026-10-04T05:50:36.193762Z  INFO mm2_app::scripted: scripted player started a bounded escape after sustained low-speed throttle tick=122902 escapes=139 position=Vec3(1090.1279, 8.788755, 59.880455) speed=0.005766210146248341 heading_rad=-2.4643633365631104 bearing_rad=0.21170839667320251 route_next=Some(887) gate=Vec3(1090.8932, 9.97041, 61.40383) aim=Vec3(1090.8932, 9.97041, 61.40383)
2026-10-04T05:50:37.416851Z  INFO mm2_app::scripted: scripted player started a bounded escape after sustained low-speed throttle tick=123458 escapes=140 position=Vec3(1090.3118, 8.805741, 60.103935) speed=0.0002752002328634262 heading_rad=-2.4721601009368896 bearing_rad=0.24884073436260223 route_next=Some(887) gate=Vec3(1090.8932, 9.97041, 61.40383) aim=Vec3(1090.8932, 9.97041, 61.40383)
2026-10-04T05:50:38.340085Z  INFO mm2_app::scripted: scripted player started a bounded escape after sustained low-speed throttle tick=123872 escapes=141 position=Vec3(1090.2593, 8.797163, 60.04177) speed=0.005460590589791536 heading_rad=-2.4620156288146973 bearing_rad=0.2439856231212616 route_next=Some(887) gate=Vec3(1090.8932, 9.97041, 61.40383) aim=Vec3(1090.8932, 9.97041, 61.40383)
2026-10-04T05:50:38.763177Z  INFO mm2_app::scripted: scripted player re-anchored onto its route after a bounded stuck tick=124064 reanchors=28 position=Vec3(1089.241, 8.8930025, 58.521446) speed=0.0015664100646972656 heading_rad=-2.3538124561309814 route_next=885 gate=Vec3(1090.8932, 9.97041, 61.40383) landing=Vec3(1083.7596, 9.710866, 52.669075)
2026-10-04T05:50:39.299987Z  INFO mm2_app::scripted: scripted player started a bounded escape after sustained low-speed throttle tick=124290 escapes=142 position=Vec3(1084.3962, 8.430161, 52.838577) speed=0.4953364431858063 heading_rad=-2.4805119037628174 bearing_rad=0.01214675884693861 route_next=Some(885) gate=Vec3(1090.8932, 9.97041, 61.40383) aim=Vec3(1090.8932, 9.97041, 61.40383)
2026-10-04T05:50:41.164834Z  INFO mm2_app::scripted: scripted player started a bounded escape after sustained low-speed throttle tick=125086 escapes=143 position=Vec3(1090.4792, 8.929378, 60.086693) speed=-0.00774358632043004 heading_rad=-2.5377326011657715 bearing_rad=0.2993612289428711 route_next=Some(887) gate=Vec3(1090.8932, 9.97041, 61.40383) aim=Vec3(1090.8932, 9.97041, 61.40383)
2026-10-04T05:50:42.081125Z  INFO mm2_app::scripted: scripted player started a bounded escape after sustained low-speed throttle tick=125500 escapes=144 position=Vec3(1090.0178, 8.785222, 59.746265) speed=0.007567950524389744 heading_rad=-2.468705415725708 bearing_rad=0.18701054155826569 route_next=Some(887) gate=Vec3(1090.8932, 9.97041, 61.40383) aim=Vec3(1090.8932, 9.97041, 61.40383)
2026-10-04T05:50:43.324229Z  INFO mm2_app::scripted: scripted player started a bounded escape after sustained low-speed throttle tick=126062 escapes=145 position=Vec3(1090.3152, 8.806969, 60.106277) speed=0.0004607015289366245 heading_rad=-2.4708375930786133 bearing_rad=0.2516865134239197 route_next=Some(887) gate=Vec3(1090.8932, 9.97041, 61.40383) aim=Vec3(1090.8932, 9.97041, 61.40383)
2026-10-04T05:50:44.234102Z  INFO mm2_app::scripted: scripted player started a bounded escape after sustained low-speed throttle tick=126476 escapes=146 position=Vec3(1090.242, 8.795103, 60.018005) speed=0.006027501076459885 heading_rad=-2.461775541305542 bearing_rad=0.24051128327846527 route_next=Some(887) gate=Vec3(1090.8932, 9.97041, 61.40383) aim=Vec3(1090.8932, 9.97041, 61.40383)
2026-10-04T05:50:44.664522Z  INFO mm2_app::scripted: scripted player re-anchored onto its route after a bounded stuck tick=126674 reanchors=29 position=Vec3(1089.3065, 8.901491, 58.59207) speed=0.009929781779646873 heading_rad=-2.3482677936553955 route_next=885 gate=Vec3(1090.8932, 9.97041, 61.40383) landing=Vec3(1083.8204, 9.7160635, 52.743557)
2026-10-04T05:50:45.553344Z  INFO mm2_app::scripted: scripted player started a bounded escape after sustained low-speed throttle tick=127070 escapes=147 position=Vec3(1084.7269, 8.452951, 53.243538) speed=4.727384657599032e-5 heading_rad=-2.4798696041107178 bearing_rad=0.014620896428823471 route_next=Some(886) gate=Vec3(1090.8932, 9.97041, 61.40383) aim=Vec3(1090.8932, 9.97041, 61.40383)
2026-10-04T05:50:47.233583Z  INFO mm2_app::scripted: scripted player started a bounded escape after sustained low-speed throttle tick=127832 escapes=148 position=Vec3(1090.4601, 8.917834, 60.08452) speed=0.017876001074910164 heading_rad=-2.5329604148864746 bearing_rad=0.2914355993270874 route_next=Some(887) gate=Vec3(1090.8932, 9.97041, 61.40383) aim=Vec3(1090.8932, 9.97041, 61.40383)
2026-10-04T05:50:48.154325Z  INFO mm2_app::scripted: scripted player started a bounded escape after sustained low-speed throttle tick=128246 escapes=149 position=Vec3(1090.0358, 8.78557, 59.767216) speed=0.00730624096468091 heading_rad=-2.467613697052002 bearing_rad=0.19139519333839417 route_next=Some(887) gate=Vec3(1090.8932, 9.97041, 61.40383) aim=Vec3(1090.8932, 9.97041, 61.40383)
2026-10-04T05:50:49.361155Z  INFO mm2_app::scripted: scripted player started a bounded escape after sustained low-speed throttle tick=128804 escapes=150 position=Vec3(1090.3141, 8.806704, 60.10586) speed=-0.0001571369357407093 heading_rad=-2.4713757038116455 bearing_rad=0.250561386346817 route_next=Some(887) gate=Vec3(1090.8932, 9.97041, 61.40383) aim=Vec3(1090.8932, 9.97041, 61.40383)
2026-10-04T05:50:50.285202Z  INFO mm2_app::scripted: scripted player started a bounded escape after sustained low-speed throttle tick=129218 escapes=151 position=Vec3(1090.2408, 8.795255, 60.017227) speed=0.005449330899864435 heading_rad=-2.461854934692383 bearing_rad=0.2399989813566208 route_next=Some(887) gate=Vec3(1090.8932, 9.97041, 61.40383) aim=Vec3(1090.8932, 9.97041, 61.40383)
2026-10-04T05:50:50.736241Z  INFO mm2_app::scripted: scripted player re-anchored onto its route after a bounded stuck tick=129422 reanchors=30 position=Vec3(1089.2963, 8.900575, 58.57989) speed=0.042821917682886124 heading_rad=-2.3493459224700928 route_next=885 gate=Vec3(1090.8932, 9.97041, 61.40383) landing=Vec3(1083.8104, 9.715203, 52.731228)
2026-10-04T05:50:51.620152Z  INFO mm2_app::scripted: scripted player started a bounded escape after sustained low-speed throttle tick=129822 escapes=152 position=Vec3(1084.7267, 8.453591, 53.24447) speed=0.023707672953605652 heading_rad=-2.479065179824829 bearing_rad=0.015351437032222748 route_next=Some(886) gate=Vec3(1090.8932, 9.97041, 61.40383) aim=Vec3(1090.8932, 9.97041, 61.40383)
2026-10-04T05:50:53.304242Z  INFO mm2_app::scripted: scripted player started a bounded escape after sustained low-speed throttle tick=130586 escapes=153 position=Vec3(1090.4413, 8.9092455, 60.078896) speed=0.018687665462493896 heading_rad=-2.5356431007385254 bearing_rad=0.2772465646266937 route_next=Some(887) gate=Vec3(1090.8932, 9.97041, 61.40383) aim=Vec3(1090.8932, 9.97041, 61.40383)
2026-10-04T05:50:54.239150Z  INFO mm2_app::scripted: scripted player started a bounded escape after sustained low-speed throttle tick=131000 escapes=154 position=Vec3(1090.0801, 8.787323, 59.822258) speed=0.00678640604019165 heading_rad=-2.466289520263672 bearing_rad=0.2004275619983673 route_next=Some(887) gate=Vec3(1090.8932, 9.97041, 61.40383) aim=Vec3(1090.8932, 9.97041, 61.40383)
2026-10-04T05:50:55.509121Z  INFO mm2_app::scripted: scripted player started a bounded escape after sustained low-speed throttle tick=131556 escapes=155 position=Vec3(1090.3153, 8.806261, 60.106266) speed=-9.251351002603769e-5 heading_rad=-2.4708852767944336 bearing_rad=0.2517206370830536 route_next=Some(887) gate=Vec3(1090.8932, 9.97041, 61.40383) aim=Vec3(1090.8932, 9.97041, 61.40383)
2026-10-04T05:50:56.553788Z  INFO mm2_app::scripted: scripted player started a bounded escape after sustained low-speed throttle tick=131970 escapes=156 position=Vec3(1090.2545, 8.796482, 60.034767) speed=0.005645628087222576 heading_rad=-2.4619789123535156 bearing_rad=0.2431214600801468 route_next=Some(887) gate=Vec3(1090.8932, 9.97041, 61.40383) aim=Vec3(1090.8932, 9.97041, 61.40383)
2026-10-04T05:50:57.014763Z  INFO mm2_app::scripted: scripted player re-anchored onto its route after a bounded stuck tick=132176 reanchors=31 position=Vec3(1089.3362, 8.9094, 58.613827) speed=0.0288836807012558 heading_rad=-2.3421812057495117 route_next=885 gate=Vec3(1090.8932, 9.97041, 61.40383) landing=Vec3(1083.843, 9.717988, 52.77114)
2026-10-04T05:50:57.884029Z  INFO mm2_app::scripted: scripted player started a bounded escape after sustained low-speed throttle tick=132572 escapes=157 position=Vec3(1084.7335, 8.458446, 53.253857) speed=0.023059332743287086 heading_rad=-2.4761645793914795 bearing_rad=0.01823175698518753 route_next=Some(886) gate=Vec3(1090.8932, 9.97041, 61.40383) aim=Vec3(1090.8932, 9.97041, 61.40383)
2026-10-04T05:50:59.543851Z  INFO mm2_app::scripted: scripted player started a bounded escape after sustained low-speed throttle tick=133324 escapes=158 position=Vec3(1090.4323, 8.902097, 60.07869) speed=-0.0167473703622818 heading_rad=-2.5312387943267822 bearing_rad=0.2756045162677765 route_next=Some(887) gate=Vec3(1090.8932, 9.97041, 61.40383) aim=Vec3(1090.8932, 9.97041, 61.40383)
2026-10-04T05:51:00.477736Z  INFO mm2_app::scripted: scripted player started a bounded escape after sustained low-speed throttle tick=133738 escapes=159 position=Vec3(1090.0742, 8.786938, 59.814564) speed=0.006824685260653496 heading_rad=-2.4663784503936768 bearing_rad=0.1993916779756546 route_next=Some(887) gate=Vec3(1090.8932, 9.97041, 61.40383) aim=Vec3(1090.8932, 9.97041, 61.40383)
2026-10-04T05:51:01.686511Z  INFO mm2_app::scripted: scripted player started a bounded escape after sustained low-speed throttle tick=134298 escapes=160 position=Vec3(1090.3129, 8.80503, 60.104656) speed=5.184013571124524e-5 heading_rad=-2.4718081951141357 bearing_rad=0.24969056248664856 route_next=Some(887) gate=Vec3(1090.8932, 9.97041, 61.40383) aim=Vec3(1090.8932, 9.97041, 61.40383)
2026-10-04T05:51:02.621065Z  INFO mm2_app::scripted: scripted player started a bounded escape after sustained low-speed throttle tick=134712 escapes=161 position=Vec3(1090.2621, 8.797428, 60.045498) speed=0.004831661470234394 heading_rad=-2.46222186088562 bearing_rad=0.2444288730621338 route_next=Some(887) gate=Vec3(1090.8932, 9.97041, 61.40383) aim=Vec3(1090.8932, 9.97041, 61.40383)
2026-10-04T05:51:03.124483Z  INFO mm2_app::scripted: scripted player re-anchored onto its route after a bounded stuck tick=134914 reanchors=32 position=Vec3(1089.2842, 8.888344, 58.591846) speed=0.031397320330142975 heading_rad=-2.3614273071289063 route_next=885 gate=Vec3(1090.8932, 9.97041, 61.40383) landing=Vec3(1083.8114, 9.71529, 52.73248)
2026-10-04T05:51:04.093090Z  INFO mm2_app::scripted: scripted player started a bounded escape after sustained low-speed throttle tick=135314 escapes=162 position=Vec3(1084.7269, 8.4533205, 53.24444) speed=0.02487294003367424 heading_rad=-2.4794704914093018 bearing_rad=0.014966977760195732 route_next=Some(886) gate=Vec3(1090.8932, 9.97041, 61.40383) aim=Vec3(1090.8932, 9.97041, 61.40383)
2026-10-04T05:51:06.029227Z  INFO mm2_app::scripted: scripted player started a bounded escape after sustained low-speed throttle tick=136076 escapes=163 position=Vec3(1090.441, 8.908431, 60.078068) speed=0.01982918754220009 heading_rad=-2.5348191261291504 bearing_rad=0.27809637784957886 route_next=Some(887) gate=Vec3(1090.8932, 9.97041, 61.40383) aim=Vec3(1090.8932, 9.97041, 61.40383)
2026-10-04T05:51:06.980673Z  INFO mm2_app::scripted: scripted player started a bounded escape after sustained low-speed throttle tick=136490 escapes=164 position=Vec3(1090.0643, 8.786665, 59.80261) speed=0.007071955129504204 heading_rad=-2.466710329055786 bearing_rad=0.19722235202789307 route_next=Some(887) gate=Vec3(1090.8932, 9.97041, 61.40383) aim=Vec3(1090.8932, 9.97041, 61.40383)
2026-10-04T05:51:08.214577Z  INFO mm2_app::scripted: scripted player started a bounded escape after sustained low-speed throttle tick=137050 escapes=165 position=Vec3(1090.3141, 8.805825, 60.105133) speed=-6.889691576361656e-5 heading_rad=-2.47110652923584 bearing_rad=0.2510393559932709 route_next=Some(887) gate=Vec3(1090.8932, 9.97041, 61.40383) aim=Vec3(1090.8932, 9.97041, 61.40383)
2026-10-04T05:51:09.157798Z  INFO mm2_app::scripted: scripted player started a bounded escape after sustained low-speed throttle tick=137464 escapes=166 position=Vec3(1090.2501, 8.79618, 60.029438) speed=0.005390627309679985 heading_rad=-2.4619557857513428 bearing_rad=0.24200473725795746 route_next=Some(887) gate=Vec3(1090.8932, 9.97041, 61.40383) aim=Vec3(1090.8932, 9.97041, 61.40383)
2026-10-04T05:51:09.600005Z  INFO mm2_app::scripted: scripted player re-anchored onto its route after a bounded stuck tick=137664 reanchors=33 position=Vec3(1089.2062, 8.841655, 58.583168) speed=-0.17476433515548706 heading_rad=-2.4004626274108887 route_next=885 gate=Vec3(1090.8932, 9.97041, 61.40383) landing=Vec3(1083.7759, 9.71226, 52.689056)
2026-10-04T05:51:10.490623Z  INFO mm2_app::scripted: scripted player started a bounded escape after sustained low-speed throttle tick=138064 escapes=167 position=Vec3(1084.7247, 8.453796, 53.24594) speed=-9.848005720414221e-5 heading_rad=-2.481180191040039 bearing_rad=0.012997237034142017 route_next=Some(886) gate=Vec3(1090.8932, 9.97041, 61.40383) aim=Vec3(1090.8932, 9.97041, 61.40383)
2026-10-04T05:51:12.201197Z  INFO mm2_app::scripted: scripted player started a bounded escape after sustained low-speed throttle tick=138828 escapes=168 position=Vec3(1090.4482, 8.909731, 60.082806) speed=-0.009717310778796673 heading_rad=-2.5299367904663086 bearing_rad=0.286771684885025 route_next=Some(887) gate=Vec3(1090.8932, 9.97041, 61.40383) aim=Vec3(1090.8932, 9.97041, 61.40383)
2026-10-04T05:51:13.157924Z  INFO mm2_app::scripted: scripted player started a bounded escape after sustained low-speed throttle tick=139242 escapes=169 position=Vec3(1090.0461, 8.785925, 59.78004) speed=0.006923755630850792 heading_rad=-2.4673595428466797 bearing_rad=0.19341810047626495 route_next=Some(887) gate=Vec3(1090.8932, 9.97041, 61.40383) aim=Vec3(1090.8932, 9.97041, 61.40383)
2026-10-04T05:51:14.412603Z  INFO mm2_app::scripted: scripted player started a bounded escape after sustained low-speed throttle tick=139800 escapes=170 position=Vec3(1090.3422, 8.811612, 60.1395) speed=0.007658100686967373 heading_rad=-2.4718916416168213 bearing_rad=0.25869864225387573 route_next=Some(887) gate=Vec3(1090.8932, 9.97041, 61.40383) aim=Vec3(1090.8932, 9.97041, 61.40383)
2026-10-04T05:51:15.336323Z  INFO mm2_app::scripted: scripted player started a bounded escape after sustained low-speed throttle tick=140214 escapes=171 position=Vec3(1090.289, 8.799873, 60.08007) speed=0.005401726812124252 heading_rad=-2.4623782634735107 bearing_rad=0.25099876523017883 route_next=Some(887) gate=Vec3(1090.8932, 9.97041, 61.40383) aim=Vec3(1090.8932, 9.97041, 61.40383)
2026-10-04T05:51:15.779147Z  INFO mm2_app::scripted: scripted player re-anchored onto its route after a bounded stuck tick=140416 reanchors=34 position=Vec3(1089.1831, 8.8388, 58.55754) speed=-0.15169550478458405 heading_rad=-2.402040481567383 route_next=885 gate=Vec3(1090.8932, 9.97041, 61.40383) landing=Vec3(1083.7542, 9.710399, 52.66238)
2026-10-04T05:51:16.262924Z  INFO mm2_app::scripted: scripted player started a bounded escape after sustained low-speed throttle tick=140642 escapes=172 position=Vec3(1084.4248, 8.436013, 52.872044) speed=0.058948107063770294 heading_rad=-2.481450319290161 bearing_rad=0.011444942094385624 route_next=Some(885) gate=Vec3(1090.8932, 9.97041, 61.40383) aim=Vec3(1090.8932, 9.97041, 61.40383)
2026-10-04T05:51:18.014809Z  INFO mm2_app::scripted: scripted player started a bounded escape after sustained low-speed throttle tick=141444 escapes=173 position=Vec3(1090.4888, 8.93467, 60.076317) speed=-0.03267432749271393 heading_rad=-2.5565030574798584 bearing_rad=0.28937798738479614 route_next=Some(887) gate=Vec3(1090.8932, 9.97041, 61.40383) aim=Vec3(1090.8932, 9.97041, 61.40383)
2026-10-04T05:51:18.922261Z  INFO mm2_app::scripted: scripted player started a bounded escape after sustained low-speed throttle tick=141858 escapes=174 position=Vec3(1090.0382, 8.785858, 59.770824) speed=0.007232679985463619 heading_rad=-2.467841148376465 bearing_rad=0.1914324164390564 route_next=Some(887) gate=Vec3(1090.8932, 9.97041, 61.40383) aim=Vec3(1090.8932, 9.97041, 61.40383)
2026-10-04T05:51:20.185040Z  INFO mm2_app::scripted: scripted player started a bounded escape after sustained low-speed throttle tick=142420 escapes=175 position=Vec3(1090.3145, 8.807038, 60.105892) speed=0.0002436600625514984 heading_rad=-2.4710960388183594 bearing_rad=0.2510676085948944 route_next=Some(887) gate=Vec3(1090.8932, 9.97041, 61.40383) aim=Vec3(1090.8932, 9.97041, 61.40383)
2026-10-04T05:51:21.123422Z  INFO mm2_app::scripted: scripted player started a bounded escape after sustained low-speed throttle tick=142834 escapes=176 position=Vec3(1090.2438, 8.795495, 60.020878) speed=0.005609889514744282 heading_rad=-2.461794376373291 bearing_rad=0.24077752232551575 route_next=Some(887) gate=Vec3(1090.8932, 9.97041, 61.40383) aim=Vec3(1090.8932, 9.97041, 61.40383)
2026-10-04T05:51:21.576030Z  INFO mm2_app::scripted: scripted player re-anchored onto its route after a bounded stuck tick=143032 reanchors=35 position=Vec3(1089.2151, 8.857027, 58.569057) speed=-0.04403591901063919 heading_rad=-2.389341354370117 route_next=885 gate=Vec3(1090.8932, 9.97041, 61.40383) landing=Vec3(1083.7726, 9.711974, 52.68496)
2026-10-04T05:51:22.524143Z  INFO mm2_app::scripted: scripted player started a bounded escape after sustained low-speed throttle tick=143444 escapes=177 position=Vec3(1084.7278, 8.454206, 53.245686) speed=0.02387112006545067 heading_rad=-2.478736400604248 bearing_rad=0.01569410040974617 route_next=Some(886) gate=Vec3(1090.8932, 9.97041, 61.40383) aim=Vec3(1090.8932, 9.97041, 61.40383)
2026-10-04T05:51:24.283080Z  INFO mm2_app::scripted: scripted player started a bounded escape after sustained low-speed throttle tick=144204 escapes=178 position=Vec3(1090.4368, 8.905062, 60.078102) speed=0.012327264063060284 heading_rad=-2.532834529876709 bearing_rad=0.2771889269351959 route_next=Some(887) gate=Vec3(1090.8932, 9.97041, 61.40383) aim=Vec3(1090.8932, 9.97041, 61.40383)
2026-10-04T05:51:25.220139Z  INFO mm2_app::scripted: scripted player started a bounded escape after sustained low-speed throttle tick=144618 escapes=179 position=Vec3(1090.0741, 8.786971, 59.814636) speed=0.006354178301990032 heading_rad=-2.466252326965332 bearing_rad=0.19943854212760925 route_next=Some(887) gate=Vec3(1090.8932, 9.97041, 61.40383) aim=Vec3(1090.8932, 9.97041, 61.40383)
2026-10-04T05:51:26.497910Z  INFO mm2_app::scripted: scripted player started a bounded escape after sustained low-speed throttle tick=145176 escapes=180 position=Vec3(1090.314, 8.805844, 60.105053) speed=-0.0002031167969107628 heading_rad=-2.4713213443756104 bearing_rad=0.2507690489292145 route_next=Some(887) gate=Vec3(1090.8932, 9.97041, 61.40383) aim=Vec3(1090.8932, 9.97041, 61.40383)
2026-10-04T05:51:27.445651Z  INFO mm2_app::scripted: scripted player started a bounded escape after sustained low-speed throttle tick=145590 escapes=181 position=Vec3(1090.2513, 8.796241, 60.030853) speed=0.0052389102056622505 heading_rad=-2.4619603157043457 bearing_rad=0.2423340082168579 route_next=Some(887) gate=Vec3(1090.8932, 9.97041, 61.40383) aim=Vec3(1090.8932, 9.97041, 61.40383)
2026-10-04T05:51:27.909720Z  INFO mm2_app::scripted: scripted player re-anchored onto its route after a bounded stuck tick=145792 reanchors=36 position=Vec3(1089.3066, 8.908818, 58.57487) speed=0.0028898247983306646 heading_rad=-2.3409085273742676 route_next=885 gate=Vec3(1090.8932, 9.97041, 61.40383) landing=Vec3(1083.812, 9.715347, 52.7333)
2026-10-04T05:51:28.817520Z  INFO mm2_app::scripted: scripted player started a bounded escape after sustained low-speed throttle tick=146186 escapes=182 position=Vec3(1084.7252, 8.453959, 53.245613) speed=-4.073968011653051e-5 heading_rad=-2.479539394378662 bearing_rad=0.01469546277076006 route_next=Some(886) gate=Vec3(1090.8932, 9.97041, 61.40383) aim=Vec3(1090.8932, 9.97041, 61.40383)
2026-10-04T05:51:30.579666Z  INFO mm2_app::scripted: scripted player started a bounded escape after sustained low-speed throttle tick=146948 escapes=183 position=Vec3(1090.4401, 8.908059, 60.078644) speed=0.013928772881627083 heading_rad=-2.5348398685455322 bearing_rad=0.2772828936576843 route_next=Some(887) gate=Vec3(1090.8932, 9.97041, 61.40383) aim=Vec3(1090.8932, 9.97041, 61.40383)
2026-10-04T05:51:31.536116Z  INFO mm2_app::scripted: scripted player started a bounded escape after sustained low-speed throttle tick=147362 escapes=184 position=Vec3(1090.0815, 8.78743, 59.824314) speed=0.007222390733659267 heading_rad=-2.466369867324829 bearing_rad=0.20055142045021057 route_next=Some(887) gate=Vec3(1090.8932, 9.97041, 61.40383) aim=Vec3(1090.8932, 9.97041, 61.40383)
2026-10-04T05:51:32.837539Z  INFO mm2_app::scripted: scripted player started a bounded escape after sustained low-speed throttle tick=147920 escapes=185 position=Vec3(1090.3136, 8.805498, 60.10487) speed=-2.0107370801270008e-5 heading_rad=-2.4713387489318848 bearing_rad=0.2505689263343811 route_next=Some(887) gate=Vec3(1090.8932, 9.97041, 61.40383) aim=Vec3(1090.8932, 9.97041, 61.40383)
2026-10-04T05:51:33.792526Z  INFO mm2_app::scripted: scripted player started a bounded escape after sustained low-speed throttle tick=148334 escapes=186 position=Vec3(1090.2583, 8.796797, 60.03956) speed=0.0056825545616447926 heading_rad=-2.4618208408355713 bearing_rad=0.24421238899230957 route_next=Some(887) gate=Vec3(1090.8932, 9.97041, 61.40383) aim=Vec3(1090.8932, 9.97041, 61.40383)
2026-10-04T05:51:34.258587Z  INFO mm2_app::scripted: scripted player re-anchored onto its route after a bounded stuck tick=148538 reanchors=37 position=Vec3(1089.2821, 8.888747, 58.587376) speed=0.016463685780763626 heading_rad=-2.3604183197021484 route_next=885 gate=Vec3(1090.8932, 9.97041, 61.40383) landing=Vec3(1083.8083, 9.715033, 52.72878)
2026-10-04T05:51:35.174466Z  INFO mm2_app::scripted: scripted player started a bounded escape after sustained low-speed throttle tick=148930 escapes=187 position=Vec3(1084.7249, 8.45305, 53.2442) speed=-0.00042316451435908675 heading_rad=-2.480715751647949 bearing_rad=0.013573763892054558 route_next=Some(886) gate=Vec3(1090.8932, 9.97041, 61.40383) aim=Vec3(1090.8932, 9.97041, 61.40383)
2026-10-04T05:51:37.057153Z  INFO mm2_app::scripted: scripted player started a bounded escape after sustained low-speed throttle tick=149692 escapes=188 position=Vec3(1090.466, 8.920088, 60.086243) speed=-0.007162429857999086 heading_rad=-2.53130841255188 bearing_rad=0.2967185080051422 route_next=Some(887) gate=Vec3(1090.8932, 9.97041, 61.40383) aim=Vec3(1090.8932, 9.97041, 61.40383)
2026-10-04T05:51:38.173154Z  INFO mm2_app::scripted: scripted player started a bounded escape after sustained low-speed throttle tick=150106 escapes=189 position=Vec3(1090.018, 8.784983, 59.745613) speed=0.007318414747714996 heading_rad=-2.4684898853302 bearing_rad=0.18744605779647827 route_next=Some(887) gate=Vec3(1090.8932, 9.97041, 61.40383) aim=Vec3(1090.8932, 9.97041, 61.40383)
2026-10-04T05:51:39.431407Z  INFO mm2_app::scripted: scripted player started a bounded escape after sustained low-speed throttle tick=150668 escapes=190 position=Vec3(1090.3152, 8.808139, 60.10605) speed=0.0013356469571590424 heading_rad=-2.470768451690674 bearing_rad=0.25182121992111206 route_next=Some(887) gate=Vec3(1090.8932, 9.97041, 61.40383) aim=Vec3(1090.8932, 9.97041, 61.40383)
2026-10-04T05:51:40.329187Z  INFO mm2_app::scripted: scripted player started a bounded escape after sustained low-speed throttle tick=151082 escapes=191 position=Vec3(1090.2445, 8.795482, 60.021595) speed=0.005170511081814766 heading_rad=-2.461761713027954 bearing_rad=0.24104468524456024 route_next=Some(887) gate=Vec3(1090.8932, 9.97041, 61.40383) aim=Vec3(1090.8932, 9.97041, 61.40383)
2026-10-04T05:51:40.758551Z  INFO mm2_app::scripted: scripted player re-anchored onto its route after a bounded stuck tick=151280 reanchors=38 position=Vec3(1089.3115, 8.900947, 58.60073) speed=0.009117517620325089 heading_rad=-2.3497955799102783 route_next=885 gate=Vec3(1090.8932, 9.97041, 61.40383) landing=Vec3(1083.8267, 9.716597, 52.751205)
2026-10-04T05:51:41.613329Z  INFO mm2_app::scripted: scripted player started a bounded escape after sustained low-speed throttle tick=151678 escapes=192 position=Vec3(1084.7302, 8.456269, 53.24979) speed=8.605507900938392e-6 heading_rad=-2.477678060531616 bearing_rad=0.016700906679034233 route_next=Some(886) gate=Vec3(1090.8932, 9.97041, 61.40383) aim=Vec3(1090.8932, 9.97041, 61.40383)
2026-10-04T05:51:43.245908Z  INFO mm2_app::scripted: scripted player started a bounded escape after sustained low-speed throttle tick=152432 escapes=193 position=Vec3(1090.434, 8.903695, 60.07909) speed=-0.007627382874488831 heading_rad=-2.5323572158813477 bearing_rad=0.2755434513092041 route_next=Some(887) gate=Vec3(1090.8932, 9.97041, 61.40383) aim=Vec3(1090.8932, 9.97041, 61.40383)
2026-10-04T05:51:44.128624Z  INFO mm2_app::scripted: scripted player started a bounded escape after sustained low-speed throttle tick=152846 escapes=194 position=Vec3(1090.067, 8.786664, 59.805782) speed=0.006411596201360226 heading_rad=-2.466536521911621 bearing_rad=0.19791081547737122 route_next=Some(887) gate=Vec3(1090.8932, 9.97041, 61.40383) aim=Vec3(1090.8932, 9.97041, 61.40383)
2026-10-04T05:51:45.335428Z  INFO mm2_app::scripted: scripted player started a bounded escape after sustained low-speed throttle tick=153406 escapes=195 position=Vec3(1090.3136, 8.805887, 60.104637) speed=8.955918019637465e-6 heading_rad=-2.471292018890381 bearing_rad=0.2506823241710663 route_next=Some(887) gate=Vec3(1090.8932, 9.97041, 61.40383) aim=Vec3(1090.8932, 9.97041, 61.40383)
2026-10-04T05:51:46.234006Z  INFO mm2_app::scripted: scripted player started a bounded escape after sustained low-speed throttle tick=153820 escapes=196 position=Vec3(1090.253, 8.79631, 60.032784) speed=0.005763467401266098 heading_rad=-2.4619176387786865 bearing_rad=0.2428596019744873 route_next=Some(887) gate=Vec3(1090.8932, 9.97041, 61.40383) aim=Vec3(1090.8932, 9.97041, 61.40383)
2026-10-04T05:51:46.665226Z  INFO mm2_app::scripted: scripted player re-anchored onto its route after a bounded stuck tick=154022 reanchors=39 position=Vec3(1089.094, 8.7973585, 58.508263) speed=-0.38285717368125916 heading_rad=-2.4265429973602295 route_next=885 gate=Vec3(1090.8932, 9.97041, 61.40383) landing=Vec3(1083.6943, 9.705289, 52.58916)
2026-10-04T05:51:48.816989Z  INFO mm2_app::scripted: scripted player started a bounded escape after sustained low-speed throttle tick=155038 escapes=197 position=Vec3(1086.8651, 7.357201, 59.285076) speed=0.04347135126590729 heading_rad=-2.33201003074646 bearing_rad=-0.2769855856895447 route_next=Some(887) gate=Vec3(1090.8932, 9.97041, 61.40383) aim=Vec3(1090.8932, 9.97041, 61.40383)
2026-10-04T05:51:49.707153Z  INFO mm2_app::scripted: scripted player started a bounded escape after sustained low-speed throttle tick=155452 escapes=198 position=Vec3(1086.6774, 7.342927, 58.971962) speed=0.13169999420642853 heading_rad=-2.355422019958496 bearing_rad=-0.26140689849853516 route_next=Some(887) gate=Vec3(1090.8932, 9.97041, 61.40383) aim=Vec3(1090.8932, 9.97041, 61.40383)
2026-10-04T05:51:50.491338Z  INFO mm2_app::scripted: scripted player re-anchored onto its route after a bounded stuck tick=155822 reanchors=40 position=Vec3(1083.3883, 7.209663, 55.826374) speed=1.424060344696045 heading_rad=-2.737396478652954 route_next=883 gate=Vec3(1090.8932, 9.97041, 61.40383) landing=Vec3(1077.7787, 9.199824, 45.34572)
2026-10-04T05:51:50.969439Z  INFO mm2_app::scripted: scripted player started a bounded escape after sustained low-speed throttle tick=156046 escapes=199 position=Vec3(1078.3354, 8.271889, 45.780106) speed=0.6918786764144897 heading_rad=-2.66776180267334 bearing_rad=-0.19907653331756592 route_next=Some(884) gate=Vec3(1090.8932, 9.97041, 61.40383) aim=Vec3(1086.5087, 9.45879, 56.03512)
2026-10-04T05:51:51.866882Z  INFO mm2_app::scripted: scripted player started a bounded escape after sustained low-speed throttle tick=156460 escapes=200 position=Vec3(1078.3369, 8.148727, 45.734238) speed=0.012721063569188118 heading_rad=-2.5715880393981934 bearing_rad=-0.10064142942428589 route_next=Some(884) gate=Vec3(1090.8932, 9.97041, 61.40383) aim=Vec3(1086.5087, 9.45879, 56.03512)
2026-10-04T05:51:54.667061Z  INFO mm2_app::scripted: scripted player started a bounded escape after sustained low-speed throttle tick=157756 escapes=201 position=Vec3(1085.7507, 7.2969704, 57.637535) speed=0.6349151730537415 heading_rad=-2.427264928817749 bearing_rad=-0.2243318110704422 route_next=Some(886) gate=Vec3(1090.8932, 9.97041, 61.40383) aim=Vec3(1090.8932, 9.97041, 61.40383)
2026-10-04T05:51:55.633996Z  INFO mm2_app::scripted: scripted player started a bounded escape after sustained low-speed throttle tick=158170 escapes=202 position=Vec3(1086.1218, 7.3124156, 58.063477) speed=0.2691859006881714 heading_rad=-2.4356915950775146 bearing_rad=-0.2541128396987915 route_next=Some(886) gate=Vec3(1090.8932, 9.97041, 61.40383) aim=Vec3(1090.8932, 9.97041, 61.40383)
2026-10-04T05:51:56.918335Z  INFO mm2_app::scripted: scripted player started a bounded escape after sustained low-speed throttle tick=158728 escapes=203 position=Vec3(1086.9238, 7.35569, 59.15918) speed=0.0586833693087101 heading_rad=-2.4067728519439697 bearing_rad=-0.32131510972976685 route_next=Some(887) gate=Vec3(1090.8932, 9.97041, 61.40383) aim=Vec3(1090.8932, 9.97041, 61.40383)
2026-10-04T05:51:57.807984Z  INFO mm2_app::scripted: scripted player started a bounded escape after sustained low-speed throttle tick=159142 escapes=204 position=Vec3(1086.9077, 7.348343, 59.005886) speed=0.16829709708690643 heading_rad=-2.4399890899658203 bearing_rad=-0.3275452256202698 route_next=Some(887) gate=Vec3(1090.8932, 9.97041, 61.40383) aim=Vec3(1090.8932, 9.97041, 61.40383)
2026-10-04T05:51:59.216470Z  INFO mm2_app::scripted: scripted player started a bounded escape after sustained low-speed throttle tick=159800 escapes=205 position=Vec3(1088.311, 7.4142723, 60.871998) speed=0.00861060619354248 heading_rad=-2.383544921875 bearing_rad=-0.609623908996582 route_next=Some(887) gate=Vec3(1090.8932, 9.97041, 61.40383) aim=Vec3(1090.8932, 9.97041, 61.40383)
2026-10-04T05:52:00.115353Z  INFO mm2_app::scripted: scripted player started a bounded escape after sustained low-speed throttle tick=160214 escapes=206 position=Vec3(1086.8884, 7.3531365, 59.17519) speed=0.1463870406150818 heading_rad=-2.3740286827087402 bearing_rad=-0.29541394114494324 route_next=Some(887) gate=Vec3(1090.8932, 9.97041, 61.40383) aim=Vec3(1090.8932, 9.97041, 61.40383)
2026-10-04T05:52:00.339480Z  INFO mm2_app::scripted: scripted player re-anchored onto its route after a bounded stuck tick=160320 reanchors=41 position=Vec3(1084.7065, 7.258639, 56.88707) speed=-6.865294933319092 heading_rad=-2.5834083557128906 route_next=884 gate=Vec3(1090.8932, 9.97041, 61.40383) landing=Vec3(1080.3088, 9.416015, 48.44379)
2026-10-04T05:52:01.193332Z  INFO mm2_app::scripted: scripted player started a bounded escape after sustained low-speed throttle tick=160708 escapes=207 position=Vec3(1080.3033, 8.172989, 49.58567) speed=0.03788718953728676 heading_rad=-2.8725881576538086 bearing_rad=-0.4763060510158539 route_next=Some(884) gate=Vec3(1090.8932, 9.97041, 61.40383) aim=Vec3(1088.4567, 9.7146, 58.420364)
2026-10-04T05:52:04.180334Z  INFO mm2_app::scripted: scripted player started a bounded escape after sustained low-speed throttle tick=162094 escapes=208 position=Vec3(1087.714, 7.389848, 60.218536) speed=0.01751764863729477 heading_rad=-2.358522415161133 bearing_rad=-0.43086084723472595 route_next=Some(887) gate=Vec3(1090.8932, 9.97041, 61.40383) aim=Vec3(1090.8932, 9.97041, 61.40383)
2026-10-04T05:52:06.067637Z  INFO mm2_app::scripted: scripted player started a bounded escape after sustained low-speed throttle tick=162966 escapes=209 position=Vec3(1085.7211, 7.295766, 57.626144) speed=1.0195873975753784 heading_rad=-2.418907403945923 bearing_rad=-0.21727602183818817 route_next=Some(887) gate=Vec3(1090.8932, 9.97041, 61.40383) aim=Vec3(1090.8932, 9.97041, 61.40383)
2026-10-04T05:52:06.603145Z  INFO mm2_app::scripted: scripted player re-anchored onto its route after a bounded stuck tick=163214 reanchors=42 position=Vec3(1085.8651, 7.2999144, 57.766026) speed=0.14381375908851624 heading_rad=-2.430410385131836 route_next=884 gate=Vec3(1090.8932, 9.97041, 61.40383) landing=Vec3(1080.3088, 9.416015, 48.44379)
2026-10-04T05:52:07.428575Z  INFO mm2_app::scripted: scripted player started a bounded escape after sustained low-speed throttle tick=163602 escapes=210 position=Vec3(1080.3033, 8.172989, 49.58567) speed=0.03788718953728676 heading_rad=-2.8725881576538086 bearing_rad=-0.4763060510158539 route_next=Some(884) gate=Vec3(1090.8932, 9.97041, 61.40383) aim=Vec3(1088.4567, 9.7146, 58.420364)
2026-10-04T05:52:10.691085Z  INFO mm2_app::scripted: scripted player started a bounded escape after sustained low-speed throttle tick=164988 escapes=211 position=Vec3(1087.714, 7.389848, 60.218536) speed=0.01751764863729477 heading_rad=-2.358522415161133 bearing_rad=-0.43086084723472595 route_next=Some(887) gate=Vec3(1090.8932, 9.97041, 61.40383) aim=Vec3(1090.8932, 9.97041, 61.40383)
2026-10-04T05:52:12.569918Z  INFO mm2_app::scripted: scripted player started a bounded escape after sustained low-speed throttle tick=165860 escapes=212 position=Vec3(1085.7211, 7.295766, 57.626144) speed=1.0195873975753784 heading_rad=-2.418907403945923 bearing_rad=-0.21727602183818817 route_next=Some(887) gate=Vec3(1090.8932, 9.97041, 61.40383) aim=Vec3(1090.8932, 9.97041, 61.40383)
2026-10-04T05:52:13.117145Z  INFO mm2_app::scripted: scripted player re-anchored onto its route after a bounded stuck tick=166108 reanchors=43 position=Vec3(1085.8651, 7.2999144, 57.766026) speed=0.14381375908851624 heading_rad=-2.430410385131836 route_next=884 gate=Vec3(1090.8932, 9.97041, 61.40383) landing=Vec3(1080.3088, 9.416015, 48.44379)
2026-10-04T05:52:13.937321Z  INFO mm2_app::scripted: scripted player started a bounded escape after sustained low-speed throttle tick=166496 escapes=213 position=Vec3(1080.3033, 8.172989, 49.58567) speed=0.03788718953728676 heading_rad=-2.8725881576538086 bearing_rad=-0.4763060510158539 route_next=Some(884) gate=Vec3(1090.8932, 9.97041, 61.40383) aim=Vec3(1088.4567, 9.7146, 58.420364)
2026-10-04T05:52:16.913961Z  INFO mm2_app::scripted: scripted player started a bounded escape after sustained low-speed throttle tick=167882 escapes=214 position=Vec3(1087.714, 7.389848, 60.218536) speed=0.01751764863729477 heading_rad=-2.358522415161133 bearing_rad=-0.43086084723472595 route_next=Some(887) gate=Vec3(1090.8932, 9.97041, 61.40383) aim=Vec3(1090.8932, 9.97041, 61.40383)
2026-10-04T05:52:18.804681Z  INFO mm2_app::scripted: scripted player started a bounded escape after sustained low-speed throttle tick=168754 escapes=215 position=Vec3(1085.7211, 7.295766, 57.626144) speed=1.0195873975753784 heading_rad=-2.418907403945923 bearing_rad=-0.21727602183818817 route_next=Some(887) gate=Vec3(1090.8932, 9.97041, 61.40383) aim=Vec3(1090.8932, 9.97041, 61.40383)
2026-10-04T05:52:19.347545Z  INFO mm2_app::scripted: scripted player re-anchored onto its route after a bounded stuck tick=169002 reanchors=44 position=Vec3(1085.8651, 7.2999144, 57.766026) speed=0.14381375908851624 heading_rad=-2.430410385131836 route_next=884 gate=Vec3(1090.8932, 9.97041, 61.40383) landing=Vec3(1080.3088, 9.416015, 48.44379)
2026-10-04T05:52:20.183958Z  INFO mm2_app::scripted: scripted player started a bounded escape after sustained low-speed throttle tick=169390 escapes=216 position=Vec3(1080.3033, 8.172989, 49.58567) speed=0.03788718953728676 heading_rad=-2.8725881576538086 bearing_rad=-0.4763060510158539 route_next=Some(884) gate=Vec3(1090.8932, 9.97041, 61.40383) aim=Vec3(1088.4567, 9.7146, 58.420364)
2026-10-04T05:52:23.162606Z  INFO mm2_app::scripted: scripted player started a bounded escape after sustained low-speed throttle tick=170776 escapes=217 position=Vec3(1087.714, 7.389848, 60.218536) speed=0.01751764863729477 heading_rad=-2.358522415161133 bearing_rad=-0.43086084723472595 route_next=Some(887) gate=Vec3(1090.8932, 9.97041, 61.40383) aim=Vec3(1090.8932, 9.97041, 61.40383)
2026-10-04T05:52:25.080638Z  INFO mm2_app::scripted: scripted player started a bounded escape after sustained low-speed throttle tick=171648 escapes=218 position=Vec3(1085.7211, 7.295766, 57.626144) speed=1.0195873975753784 heading_rad=-2.418907403945923 bearing_rad=-0.21727602183818817 route_next=Some(887) gate=Vec3(1090.8932, 9.97041, 61.40383) aim=Vec3(1090.8932, 9.97041, 61.40383)
2026-10-04T05:52:25.622532Z  INFO mm2_app::scripted: scripted player re-anchored onto its route after a bounded stuck tick=171896 reanchors=45 position=Vec3(1085.8651, 7.2999144, 57.766026) speed=0.14381375908851624 heading_rad=-2.430410385131836 route_next=884 gate=Vec3(1090.8932, 9.97041, 61.40383) landing=Vec3(1080.3088, 9.416015, 48.44379)
2026-10-04T05:52:26.457823Z  INFO mm2_app::scripted: scripted player started a bounded escape after sustained low-speed throttle tick=172284 escapes=219 position=Vec3(1080.3033, 8.172989, 49.58567) speed=0.03788718953728676 heading_rad=-2.8725881576538086 bearing_rad=-0.4763060510158539 route_next=Some(884) gate=Vec3(1090.8932, 9.97041, 61.40383) aim=Vec3(1088.4567, 9.7146, 58.420364)
2026-10-04T05:52:29.443602Z  INFO mm2_app::scripted: scripted player started a bounded escape after sustained low-speed throttle tick=173670 escapes=220 position=Vec3(1087.714, 7.389848, 60.218536) speed=0.01751764863729477 heading_rad=-2.358522415161133 bearing_rad=-0.43086084723472595 route_next=Some(887) gate=Vec3(1090.8932, 9.97041, 61.40383) aim=Vec3(1090.8932, 9.97041, 61.40383)
2026-10-04T05:52:31.370007Z  INFO mm2_app::scripted: scripted player started a bounded escape after sustained low-speed throttle tick=174542 escapes=221 position=Vec3(1085.7211, 7.295766, 57.626144) speed=1.0195873975753784 heading_rad=-2.418907403945923 bearing_rad=-0.21727602183818817 route_next=Some(887) gate=Vec3(1090.8932, 9.97041, 61.40383) aim=Vec3(1090.8932, 9.97041, 61.40383)
2026-10-04T05:52:31.941897Z  INFO mm2_app::scripted: scripted player re-anchored onto its route after a bounded stuck tick=174790 reanchors=46 position=Vec3(1085.8651, 7.2999144, 57.766026) speed=0.14381375908851624 heading_rad=-2.430410385131836 route_next=884 gate=Vec3(1090.8932, 9.97041, 61.40383) landing=Vec3(1080.3088, 9.416015, 48.44379)
2026-10-04T05:52:32.849526Z  INFO mm2_app::scripted: scripted player started a bounded escape after sustained low-speed throttle tick=175178 escapes=222 position=Vec3(1080.3033, 8.172989, 49.58567) speed=0.03788718953728676 heading_rad=-2.8725881576538086 bearing_rad=-0.4763060510158539 route_next=Some(884) gate=Vec3(1090.8932, 9.97041, 61.40383) aim=Vec3(1088.4567, 9.7146, 58.420364)
2026-10-04T05:52:35.887229Z  INFO mm2_app::scripted: scripted player started a bounded escape after sustained low-speed throttle tick=176564 escapes=223 position=Vec3(1087.714, 7.389848, 60.218536) speed=0.01751764863729477 heading_rad=-2.358522415161133 bearing_rad=-0.43086084723472595 route_next=Some(887) gate=Vec3(1090.8932, 9.97041, 61.40383) aim=Vec3(1090.8932, 9.97041, 61.40383)
2026-10-04T05:52:37.805090Z  INFO mm2_app::scripted: scripted player started a bounded escape after sustained low-speed throttle tick=177436 escapes=224 position=Vec3(1085.7211, 7.295766, 57.626144) speed=1.0195873975753784 heading_rad=-2.418907403945923 bearing_rad=-0.21727602183818817 route_next=Some(887) gate=Vec3(1090.8932, 9.97041, 61.40383) aim=Vec3(1090.8932, 9.97041, 61.40383)
2026-10-04T05:52:38.349029Z  INFO mm2_app::scripted: scripted player re-anchored onto its route after a bounded stuck tick=177684 reanchors=47 position=Vec3(1085.8651, 7.2999144, 57.766026) speed=0.14381375908851624 heading_rad=-2.430410385131836 route_next=884 gate=Vec3(1090.8932, 9.97041, 61.40383) landing=Vec3(1080.3088, 9.416015, 48.44379)
2026-10-04T05:52:39.192780Z  INFO mm2_app::scripted: scripted player started a bounded escape after sustained low-speed throttle tick=178072 escapes=225 position=Vec3(1080.3033, 8.172989, 49.58567) speed=0.03788718953728676 heading_rad=-2.8725881576538086 bearing_rad=-0.4763060510158539 route_next=Some(884) gate=Vec3(1090.8932, 9.97041, 61.40383) aim=Vec3(1088.4567, 9.7146, 58.420364)
2026-10-04T05:52:42.258851Z  INFO mm2_app::scripted: scripted player started a bounded escape after sustained low-speed throttle tick=179458 escapes=226 position=Vec3(1087.714, 7.389848, 60.218536) speed=0.01751764863729477 heading_rad=-2.358522415161133 bearing_rad=-0.43086084723472595 route_next=Some(887) gate=Vec3(1090.8932, 9.97041, 61.40383) aim=Vec3(1090.8932, 9.97041, 61.40383)
2026-10-04T05:52:44.478458Z  INFO mm2_app::scripted: scripted player started a bounded escape after sustained low-speed throttle tick=180330 escapes=227 position=Vec3(1085.7211, 7.295766, 57.626144) speed=1.0195873975753784 heading_rad=-2.418907403945923 bearing_rad=-0.21727602183818817 route_next=Some(887) gate=Vec3(1090.8932, 9.97041, 61.40383) aim=Vec3(1090.8932, 9.97041, 61.40383)
2026-10-04T05:52:45.030553Z  INFO mm2_app::scripted: scripted player re-anchored onto its route after a bounded stuck tick=180578 reanchors=48 position=Vec3(1085.8651, 7.2999144, 57.766026) speed=0.14381375908851624 heading_rad=-2.430410385131836 route_next=884 gate=Vec3(1090.8932, 9.97041, 61.40383) landing=Vec3(1080.3088, 9.416015, 48.44379)
2026-10-04T05:52:45.860278Z  INFO mm2_app::scripted: scripted player started a bounded escape after sustained low-speed throttle tick=180966 escapes=228 position=Vec3(1080.3033, 8.172989, 49.58567) speed=0.03788718953728676 heading_rad=-2.8725881576538086 bearing_rad=-0.4763060510158539 route_next=Some(884) gate=Vec3(1090.8932, 9.97041, 61.40383) aim=Vec3(1088.4567, 9.7146, 58.420364)
2026-10-04T05:52:48.897477Z  INFO mm2_app::scripted: scripted player started a bounded escape after sustained low-speed throttle tick=182352 escapes=229 position=Vec3(1087.714, 7.389848, 60.218536) speed=0.01751764863729477 heading_rad=-2.358522415161133 bearing_rad=-0.43086084723472595 route_next=Some(887) gate=Vec3(1090.8932, 9.97041, 61.40383) aim=Vec3(1090.8932, 9.97041, 61.40383)
2026-10-04T05:52:50.813215Z  INFO mm2_app::scripted: scripted player started a bounded escape after sustained low-speed throttle tick=183224 escapes=230 position=Vec3(1085.7211, 7.295766, 57.626144) speed=1.0195873975753784 heading_rad=-2.418907403945923 bearing_rad=-0.21727602183818817 route_next=Some(887) gate=Vec3(1090.8932, 9.97041, 61.40383) aim=Vec3(1090.8932, 9.97041, 61.40383)
2026-10-04T05:52:51.360680Z  INFO mm2_app::scripted: scripted player re-anchored onto its route after a bounded stuck tick=183472 reanchors=49 position=Vec3(1085.8651, 7.2999144, 57.766026) speed=0.14381375908851624 heading_rad=-2.430410385131836 route_next=884 gate=Vec3(1090.8932, 9.97041, 61.40383) landing=Vec3(1080.3088, 9.416015, 48.44379)
2026-10-04T05:52:52.233116Z  INFO mm2_app::scripted: scripted player started a bounded escape after sustained low-speed throttle tick=183860 escapes=231 position=Vec3(1080.3033, 8.172989, 49.58567) speed=0.03788718953728676 heading_rad=-2.8725881576538086 bearing_rad=-0.4763060510158539 route_next=Some(884) gate=Vec3(1090.8932, 9.97041, 61.40383) aim=Vec3(1088.4567, 9.7146, 58.420364)
2026-10-04T05:52:55.247563Z  INFO mm2_app::scripted: scripted player started a bounded escape after sustained low-speed throttle tick=185246 escapes=232 position=Vec3(1087.714, 7.389848, 60.218536) speed=0.01751764863729477 heading_rad=-2.358522415161133 bearing_rad=-0.43086084723472595 route_next=Some(887) gate=Vec3(1090.8932, 9.97041, 61.40383) aim=Vec3(1090.8932, 9.97041, 61.40383)
2026-10-04T05:52:57.323565Z  INFO mm2_app::scripted: scripted player started a bounded escape after sustained low-speed throttle tick=186118 escapes=233 position=Vec3(1085.7211, 7.295766, 57.626144) speed=1.0195873975753784 heading_rad=-2.418907403945923 bearing_rad=-0.21727602183818817 route_next=Some(887) gate=Vec3(1090.8932, 9.97041, 61.40383) aim=Vec3(1090.8932, 9.97041, 61.40383)
2026-10-04T05:52:57.880009Z  INFO mm2_app::scripted: scripted player re-anchored onto its route after a bounded stuck tick=186366 reanchors=50 position=Vec3(1085.8651, 7.2999144, 57.766026) speed=0.14381375908851624 heading_rad=-2.430410385131836 route_next=884 gate=Vec3(1090.8932, 9.97041, 61.40383) landing=Vec3(1080.3088, 9.416015, 48.44379)
2026-10-04T05:52:58.769844Z  INFO mm2_app::scripted: scripted player started a bounded escape after sustained low-speed throttle tick=186754 escapes=234 position=Vec3(1080.3033, 8.172989, 49.58567) speed=0.03788718953728676 heading_rad=-2.8725881576538086 bearing_rad=-0.4763060510158539 route_next=Some(884) gate=Vec3(1090.8932, 9.97041, 61.40383) aim=Vec3(1088.4567, 9.7146, 58.420364)
2026-10-04T05:53:01.992349Z  INFO mm2_app::scripted: scripted player started a bounded escape after sustained low-speed throttle tick=188140 escapes=235 position=Vec3(1087.714, 7.389848, 60.218536) speed=0.01751764863729477 heading_rad=-2.358522415161133 bearing_rad=-0.43086084723472595 route_next=Some(887) gate=Vec3(1090.8932, 9.97041, 61.40383) aim=Vec3(1090.8932, 9.97041, 61.40383)
2026-10-04T05:53:04.031102Z  INFO mm2_app::scripted: scripted player started a bounded escape after sustained low-speed throttle tick=189012 escapes=236 position=Vec3(1085.7211, 7.295766, 57.626144) speed=1.0195873975753784 heading_rad=-2.418907403945923 bearing_rad=-0.21727602183818817 route_next=Some(887) gate=Vec3(1090.8932, 9.97041, 61.40383) aim=Vec3(1090.8932, 9.97041, 61.40383)
2026-10-04T05:53:04.608714Z  INFO mm2_app::scripted: scripted player re-anchored onto its route after a bounded stuck tick=189260 reanchors=51 position=Vec3(1085.8651, 7.2999144, 57.766026) speed=0.14381375908851624 heading_rad=-2.430410385131836 route_next=884 gate=Vec3(1090.8932, 9.97041, 61.40383) landing=Vec3(1080.3088, 9.416015, 48.44379)
2026-10-04T05:53:05.506265Z  INFO mm2_app::scripted: scripted player started a bounded escape after sustained low-speed throttle tick=189648 escapes=237 position=Vec3(1080.3033, 8.172989, 49.58567) speed=0.03788718953728676 heading_rad=-2.8725881576538086 bearing_rad=-0.4763060510158539 route_next=Some(884) gate=Vec3(1090.8932, 9.97041, 61.40383) aim=Vec3(1088.4567, 9.7146, 58.420364)
2026-10-04T05:53:08.808587Z  INFO mm2_app::scripted: scripted player started a bounded escape after sustained low-speed throttle tick=191034 escapes=238 position=Vec3(1087.714, 7.389848, 60.218536) speed=0.01751764863729477 heading_rad=-2.358522415161133 bearing_rad=-0.43086084723472595 route_next=Some(887) gate=Vec3(1090.8932, 9.97041, 61.40383) aim=Vec3(1090.8932, 9.97041, 61.40383)
2026-10-04T05:53:10.946829Z  INFO mm2_app::scripted: scripted player started a bounded escape after sustained low-speed throttle tick=191906 escapes=239 position=Vec3(1085.7211, 7.295766, 57.626144) speed=1.0195873975753784 heading_rad=-2.418907403945923 bearing_rad=-0.21727602183818817 route_next=Some(887) gate=Vec3(1090.8932, 9.97041, 61.40383) aim=Vec3(1090.8932, 9.97041, 61.40383)
2026-10-04T05:53:11.552374Z  INFO mm2_app::scripted: scripted player re-anchored onto its route after a bounded stuck tick=192154 reanchors=52 position=Vec3(1085.8651, 7.2999144, 57.766026) speed=0.14381375908851624 heading_rad=-2.430410385131836 route_next=884 gate=Vec3(1090.8932, 9.97041, 61.40383) landing=Vec3(1080.3088, 9.416015, 48.44379)
2026-10-04T05:53:12.500130Z  INFO mm2_app::scripted: scripted player started a bounded escape after sustained low-speed throttle tick=192542 escapes=240 position=Vec3(1080.3033, 8.172989, 49.58567) speed=0.03788718953728676 heading_rad=-2.8725881576538086 bearing_rad=-0.4763060510158539 route_next=Some(884) gate=Vec3(1090.8932, 9.97041, 61.40383) aim=Vec3(1088.4567, 9.7146, 58.420364)
2026-10-04T05:53:16.003341Z  INFO mm2_app::scripted: scripted player started a bounded escape after sustained low-speed throttle tick=193928 escapes=241 position=Vec3(1087.714, 7.389848, 60.218536) speed=0.01751764863729477 heading_rad=-2.358522415161133 bearing_rad=-0.43086084723472595 route_next=Some(887) gate=Vec3(1090.8932, 9.97041, 61.40383) aim=Vec3(1090.8932, 9.97041, 61.40383)
2026-10-04T05:53:18.298306Z  INFO mm2_app::scripted: scripted player started a bounded escape after sustained low-speed throttle tick=194800 escapes=242 position=Vec3(1085.7211, 7.295766, 57.626144) speed=1.0195873975753784 heading_rad=-2.418907403945923 bearing_rad=-0.21727602183818817 route_next=Some(887) gate=Vec3(1090.8932, 9.97041, 61.40383) aim=Vec3(1090.8932, 9.97041, 61.40383)
2026-10-04T05:53:18.899971Z  INFO mm2_app::scripted: scripted player re-anchored onto its route after a bounded stuck tick=195048 reanchors=53 position=Vec3(1085.8651, 7.2999144, 57.766026) speed=0.14381375908851624 heading_rad=-2.430410385131836 route_next=884 gate=Vec3(1090.8932, 9.97041, 61.40383) landing=Vec3(1080.3088, 9.416015, 48.44379)
2026-10-04T05:53:19.853107Z  INFO mm2_app::scripted: scripted player started a bounded escape after sustained low-speed throttle tick=195436 escapes=243 position=Vec3(1080.3033, 8.172989, 49.58567) speed=0.03788718953728676 heading_rad=-2.8725881576538086 bearing_rad=-0.4763060510158539 route_next=Some(884) gate=Vec3(1090.8932, 9.97041, 61.40383) aim=Vec3(1088.4567, 9.7146, 58.420364)
2026-10-04T05:53:23.260371Z  INFO mm2_app::scripted: scripted player started a bounded escape after sustained low-speed throttle tick=196822 escapes=244 position=Vec3(1087.714, 7.389848, 60.218536) speed=0.01751764863729477 heading_rad=-2.358522415161133 bearing_rad=-0.43086084723472595 route_next=Some(887) gate=Vec3(1090.8932, 9.97041, 61.40383) aim=Vec3(1090.8932, 9.97041, 61.40383)
2026-10-04T05:53:25.430955Z  INFO mm2_app::scripted: scripted player started a bounded escape after sustained low-speed throttle tick=197694 escapes=245 position=Vec3(1085.7211, 7.295766, 57.626144) speed=1.0195873975753784 heading_rad=-2.418907403945923 bearing_rad=-0.21727602183818817 route_next=Some(887) gate=Vec3(1090.8932, 9.97041, 61.40383) aim=Vec3(1090.8932, 9.97041, 61.40383)
2026-10-04T05:53:26.031443Z  INFO mm2_app::scripted: scripted player re-anchored onto its route after a bounded stuck tick=197942 reanchors=54 position=Vec3(1085.8651, 7.2999144, 57.766026) speed=0.14381375908851624 heading_rad=-2.430410385131836 route_next=884 gate=Vec3(1090.8932, 9.97041, 61.40383) landing=Vec3(1080.3088, 9.416015, 48.44379)
2026-10-04T05:53:26.978071Z  INFO mm2_app::scripted: scripted player started a bounded escape after sustained low-speed throttle tick=198330 escapes=246 position=Vec3(1080.3033, 8.172989, 49.58567) speed=0.03788718953728676 heading_rad=-2.8725881576538086 bearing_rad=-0.4763060510158539 route_next=Some(884) gate=Vec3(1090.8932, 9.97041, 61.40383) aim=Vec3(1088.4567, 9.7146, 58.420364)
2026-10-04T05:53:30.277683Z  INFO mm2_app::scripted: scripted player started a bounded escape after sustained low-speed throttle tick=199716 escapes=247 position=Vec3(1087.714, 7.389848, 60.218536) speed=0.01751764863729477 heading_rad=-2.358522415161133 bearing_rad=-0.43086084723472595 route_next=Some(887) gate=Vec3(1090.8932, 9.97041, 61.40383) aim=Vec3(1090.8932, 9.97041, 61.40383)
2026-10-04T05:53:32.333916Z  INFO mm2_app::scripted: scripted player started a bounded escape after sustained low-speed throttle tick=200588 escapes=248 position=Vec3(1085.7211, 7.295766, 57.626144) speed=1.0195873975753784 heading_rad=-2.418907403945923 bearing_rad=-0.21727602183818817 route_next=Some(887) gate=Vec3(1090.8932, 9.97041, 61.40383) aim=Vec3(1090.8932, 9.97041, 61.40383)
2026-10-04T05:53:32.910185Z  INFO mm2_app::scripted: scripted player re-anchored onto its route after a bounded stuck tick=200836 reanchors=55 position=Vec3(1085.8651, 7.2999144, 57.766026) speed=0.14381375908851624 heading_rad=-2.430410385131836 route_next=884 gate=Vec3(1090.8932, 9.97041, 61.40383) landing=Vec3(1080.3088, 9.416015, 48.44379)
2026-10-04T05:53:33.806509Z  INFO mm2_app::scripted: scripted player started a bounded escape after sustained low-speed throttle tick=201224 escapes=249 position=Vec3(1080.3033, 8.172989, 49.58567) speed=0.03788718953728676 heading_rad=-2.8725881576538086 bearing_rad=-0.4763060510158539 route_next=Some(884) gate=Vec3(1090.8932, 9.97041, 61.40383) aim=Vec3(1088.4567, 9.7146, 58.420364)
2026-10-04T05:53:37.046349Z  INFO mm2_app::scripted: scripted player started a bounded escape after sustained low-speed throttle tick=202610 escapes=250 position=Vec3(1087.714, 7.389848, 60.218536) speed=0.01751764863729477 heading_rad=-2.358522415161133 bearing_rad=-0.43086084723472595 route_next=Some(887) gate=Vec3(1090.8932, 9.97041, 61.40383) aim=Vec3(1090.8932, 9.97041, 61.40383)
2026-10-04T05:53:39.073811Z  INFO mm2_app::scripted: scripted player started a bounded escape after sustained low-speed throttle tick=203482 escapes=251 position=Vec3(1085.7211, 7.295766, 57.626144) speed=1.0195873975753784 heading_rad=-2.418907403945923 bearing_rad=-0.21727602183818817 route_next=Some(887) gate=Vec3(1090.8932, 9.97041, 61.40383) aim=Vec3(1090.8932, 9.97041, 61.40383)
2026-10-04T05:53:39.647401Z  INFO mm2_app::scripted: scripted player re-anchored onto its route after a bounded stuck tick=203730 reanchors=56 position=Vec3(1085.8651, 7.2999144, 57.766026) speed=0.14381375908851624 heading_rad=-2.430410385131836 route_next=884 gate=Vec3(1090.8932, 9.97041, 61.40383) landing=Vec3(1080.3088, 9.416015, 48.44379)
2026-10-04T05:53:40.548419Z  INFO mm2_app::scripted: scripted player started a bounded escape after sustained low-speed throttle tick=204118 escapes=252 position=Vec3(1080.3033, 8.172989, 49.58567) speed=0.03788718953728676 heading_rad=-2.8725881576538086 bearing_rad=-0.4763060510158539 route_next=Some(884) gate=Vec3(1090.8932, 9.97041, 61.40383) aim=Vec3(1088.4567, 9.7146, 58.420364)
2026-10-04T05:53:43.698148Z  INFO mm2_app::scripted: scripted player started a bounded escape after sustained low-speed throttle tick=205504 escapes=253 position=Vec3(1087.714, 7.389848, 60.218536) speed=0.01751764863729477 heading_rad=-2.358522415161133 bearing_rad=-0.43086084723472595 route_next=Some(887) gate=Vec3(1090.8932, 9.97041, 61.40383) aim=Vec3(1090.8932, 9.97041, 61.40383)
2026-10-04T05:53:45.695516Z  INFO mm2_app::scripted: scripted player started a bounded escape after sustained low-speed throttle tick=206376 escapes=254 position=Vec3(1085.7211, 7.295766, 57.626144) speed=1.0195873975753784 heading_rad=-2.418907403945923 bearing_rad=-0.21727602183818817 route_next=Some(887) gate=Vec3(1090.8932, 9.97041, 61.40383) aim=Vec3(1090.8932, 9.97041, 61.40383)
2026-10-04T05:53:46.252330Z  INFO mm2_app::scripted: scripted player re-anchored onto its route after a bounded stuck tick=206624 reanchors=57 position=Vec3(1085.8651, 7.2999144, 57.766026) speed=0.14381375908851624 heading_rad=-2.430410385131836 route_next=884 gate=Vec3(1090.8932, 9.97041, 61.40383) landing=Vec3(1080.3088, 9.416015, 48.44379)
2026-10-04T05:53:47.136493Z  INFO mm2_app::scripted: scripted player started a bounded escape after sustained low-speed throttle tick=207012 escapes=255 position=Vec3(1080.3033, 8.172989, 49.58567) speed=0.03788718953728676 heading_rad=-2.8725881576538086 bearing_rad=-0.4763060510158539 route_next=Some(884) gate=Vec3(1090.8932, 9.97041, 61.40383) aim=Vec3(1088.4567, 9.7146, 58.420364)
2026-10-04T05:53:50.643657Z  INFO mm2_app::scripted: scripted player started a bounded escape after sustained low-speed throttle tick=208398 escapes=256 position=Vec3(1087.714, 7.389848, 60.218536) speed=0.01751764863729477 heading_rad=-2.358522415161133 bearing_rad=-0.43086084723472595 route_next=Some(887) gate=Vec3(1090.8932, 9.97041, 61.40383) aim=Vec3(1090.8932, 9.97041, 61.40383)
2026-10-04T05:53:52.681915Z  INFO mm2_app::scripted: scripted player started a bounded escape after sustained low-speed throttle tick=209270 escapes=257 position=Vec3(1085.7211, 7.295766, 57.626144) speed=1.0195873975753784 heading_rad=-2.418907403945923 bearing_rad=-0.21727602183818817 route_next=Some(887) gate=Vec3(1090.8932, 9.97041, 61.40383) aim=Vec3(1090.8932, 9.97041, 61.40383)
2026-10-04T05:53:53.261833Z  INFO mm2_app::scripted: scripted player re-anchored onto its route after a bounded stuck tick=209518 reanchors=58 position=Vec3(1085.8651, 7.2999144, 57.766026) speed=0.14381375908851624 heading_rad=-2.430410385131836 route_next=884 gate=Vec3(1090.8932, 9.97041, 61.40383) landing=Vec3(1080.3088, 9.416015, 48.44379)
2026-10-04T05:53:54.136667Z  INFO mm2_app::scripted: scripted player started a bounded escape after sustained low-speed throttle tick=209906 escapes=258 position=Vec3(1080.3033, 8.172989, 49.58567) speed=0.03788718953728676 heading_rad=-2.8725881576538086 bearing_rad=-0.4763060510158539 route_next=Some(884) gate=Vec3(1090.8932, 9.97041, 61.40383) aim=Vec3(1088.4567, 9.7146, 58.420364)
2026-10-04T05:53:57.278271Z  INFO mm2_app::scripted: scripted player started a bounded escape after sustained low-speed throttle tick=211292 escapes=259 position=Vec3(1087.714, 7.389848, 60.218536) speed=0.01751764863729477 heading_rad=-2.358522415161133 bearing_rad=-0.43086084723472595 route_next=Some(887) gate=Vec3(1090.8932, 9.97041, 61.40383) aim=Vec3(1090.8932, 9.97041, 61.40383)
2026-10-04T05:53:59.160040Z  INFO mm2_app::scripted: scripted player started a bounded escape after sustained low-speed throttle tick=212164 escapes=260 position=Vec3(1085.7211, 7.295766, 57.626144) speed=1.0195873975753784 heading_rad=-2.418907403945923 bearing_rad=-0.21727602183818817 route_next=Some(887) gate=Vec3(1090.8932, 9.97041, 61.40383) aim=Vec3(1090.8932, 9.97041, 61.40383)
2026-10-04T05:53:59.695876Z  INFO mm2_app::scripted: scripted player re-anchored onto its route after a bounded stuck tick=212412 reanchors=59 position=Vec3(1085.8651, 7.2999144, 57.766026) speed=0.14381375908851624 heading_rad=-2.430410385131836 route_next=884 gate=Vec3(1090.8932, 9.97041, 61.40383) landing=Vec3(1080.3088, 9.416015, 48.44379)
2026-10-04T05:54:00.520941Z  INFO mm2_app::scripted: scripted player started a bounded escape after sustained low-speed throttle tick=212800 escapes=261 position=Vec3(1080.3033, 8.172989, 49.58567) speed=0.03788718953728676 heading_rad=-2.8725881576538086 bearing_rad=-0.4763060510158539 route_next=Some(884) gate=Vec3(1090.8932, 9.97041, 61.40383) aim=Vec3(1088.4567, 9.7146, 58.420364)
2026-10-04T05:54:03.483913Z  INFO mm2_app::scripted: scripted player started a bounded escape after sustained low-speed throttle tick=214186 escapes=262 position=Vec3(1087.714, 7.389848, 60.218536) speed=0.01751764863729477 heading_rad=-2.358522415161133 bearing_rad=-0.43086084723472595 route_next=Some(887) gate=Vec3(1090.8932, 9.97041, 61.40383) aim=Vec3(1090.8932, 9.97041, 61.40383)
2026-10-04T05:54:05.373752Z  INFO mm2_app::scripted: scripted player started a bounded escape after sustained low-speed throttle tick=215058 escapes=263 position=Vec3(1085.7211, 7.295766, 57.626144) speed=1.0195873975753784 heading_rad=-2.418907403945923 bearing_rad=-0.21727602183818817 route_next=Some(887) gate=Vec3(1090.8932, 9.97041, 61.40383) aim=Vec3(1090.8932, 9.97041, 61.40383)
2026-10-04T05:54:05.918244Z  INFO mm2_app::scripted: scripted player re-anchored onto its route after a bounded stuck tick=215306 reanchors=60 position=Vec3(1085.8651, 7.2999144, 57.766026) speed=0.14381375908851624 heading_rad=-2.430410385131836 route_next=884 gate=Vec3(1090.8932, 9.97041, 61.40383) landing=Vec3(1080.3088, 9.416015, 48.44379)
2026-10-04T05:54:06.754959Z  INFO mm2_app::scripted: scripted player started a bounded escape after sustained low-speed throttle tick=215694 escapes=264 position=Vec3(1080.3033, 8.172989, 49.58567) speed=0.03788718953728676 heading_rad=-2.8725881576538086 bearing_rad=-0.4763060510158539 route_next=Some(884) gate=Vec3(1090.8932, 9.97041, 61.40383) aim=Vec3(1088.4567, 9.7146, 58.420364)
2026-10-04T05:54:09.705536Z  INFO mm2_app::scripted: scripted player started a bounded escape after sustained low-speed throttle tick=217080 escapes=265 position=Vec3(1087.714, 7.389848, 60.218536) speed=0.01751764863729477 heading_rad=-2.358522415161133 bearing_rad=-0.43086084723472595 route_next=Some(887) gate=Vec3(1090.8932, 9.97041, 61.40383) aim=Vec3(1090.8932, 9.97041, 61.40383)
2026-10-04T05:54:11.603700Z  INFO mm2_app::scripted: scripted player started a bounded escape after sustained low-speed throttle tick=217952 escapes=266 position=Vec3(1085.7211, 7.295766, 57.626144) speed=1.0195873975753784 heading_rad=-2.418907403945923 bearing_rad=-0.21727602183818817 route_next=Some(887) gate=Vec3(1090.8932, 9.97041, 61.40383) aim=Vec3(1090.8932, 9.97041, 61.40383)
2026-10-04T05:54:12.125895Z  INFO mm2_app::scripted: scripted player re-anchored onto its route after a bounded stuck tick=218200 reanchors=61 position=Vec3(1085.8651, 7.2999144, 57.766026) speed=0.14381375908851624 heading_rad=-2.430410385131836 route_next=884 gate=Vec3(1090.8932, 9.97041, 61.40383) landing=Vec3(1080.3088, 9.416015, 48.44379)
2026-10-04T05:54:12.963858Z  INFO mm2_app::scripted: scripted player started a bounded escape after sustained low-speed throttle tick=218588 escapes=267 position=Vec3(1080.3033, 8.172989, 49.58567) speed=0.03788718953728676 heading_rad=-2.8725881576538086 bearing_rad=-0.4763060510158539 route_next=Some(884) gate=Vec3(1090.8932, 9.97041, 61.40383) aim=Vec3(1088.4567, 9.7146, 58.420364)
2026-10-04T05:54:15.894929Z  INFO mm2_app::scripted: scripted player started a bounded escape after sustained low-speed throttle tick=219974 escapes=268 position=Vec3(1087.714, 7.389848, 60.218536) speed=0.01751764863729477 heading_rad=-2.358522415161133 bearing_rad=-0.43086084723472595 route_next=Some(887) gate=Vec3(1090.8932, 9.97041, 61.40383) aim=Vec3(1090.8932, 9.97041, 61.40383)
2026-10-04T05:54:17.778925Z  INFO mm2_app::scripted: scripted player started a bounded escape after sustained low-speed throttle tick=220846 escapes=269 position=Vec3(1085.7211, 7.295766, 57.626144) speed=1.0195873975753784 heading_rad=-2.418907403945923 bearing_rad=-0.21727602183818817 route_next=Some(887) gate=Vec3(1090.8932, 9.97041, 61.40383) aim=Vec3(1090.8932, 9.97041, 61.40383)
2026-10-04T05:54:18.308918Z  INFO mm2_app::scripted: scripted player re-anchored onto its route after a bounded stuck tick=221094 reanchors=62 position=Vec3(1085.8651, 7.2999144, 57.766026) speed=0.14381375908851624 heading_rad=-2.430410385131836 route_next=884 gate=Vec3(1090.8932, 9.97041, 61.40383) landing=Vec3(1080.3088, 9.416015, 48.44379)
2026-10-04T05:54:19.147118Z  INFO mm2_app::scripted: scripted player started a bounded escape after sustained low-speed throttle tick=221482 escapes=270 position=Vec3(1080.3033, 8.172989, 49.58567) speed=0.03788718953728676 heading_rad=-2.8725881576538086 bearing_rad=-0.4763060510158539 route_next=Some(884) gate=Vec3(1090.8932, 9.97041, 61.40383) aim=Vec3(1088.4567, 9.7146, 58.420364)
2026-10-04T05:54:22.232713Z  INFO mm2_app::scripted: scripted player started a bounded escape after sustained low-speed throttle tick=222868 escapes=271 position=Vec3(1087.714, 7.389848, 60.218536) speed=0.01751764863729477 heading_rad=-2.358522415161133 bearing_rad=-0.43086084723472595 route_next=Some(887) gate=Vec3(1090.8932, 9.97041, 61.40383) aim=Vec3(1090.8932, 9.97041, 61.40383)
2026-10-04T05:54:24.342968Z  INFO mm2_app::scripted: scripted player started a bounded escape after sustained low-speed throttle tick=223740 escapes=272 position=Vec3(1085.7211, 7.295766, 57.626144) speed=1.0195873975753784 heading_rad=-2.418907403945923 bearing_rad=-0.21727602183818817 route_next=Some(887) gate=Vec3(1090.8932, 9.97041, 61.40383) aim=Vec3(1090.8932, 9.97041, 61.40383)
2026-10-04T05:54:24.881809Z  INFO mm2_app::scripted: scripted player re-anchored onto its route after a bounded stuck tick=223988 reanchors=63 position=Vec3(1085.8651, 7.2999144, 57.766026) speed=0.14381375908851624 heading_rad=-2.430410385131836 route_next=884 gate=Vec3(1090.8932, 9.97041, 61.40383) landing=Vec3(1080.3088, 9.416015, 48.44379)
2026-10-04T05:54:25.719354Z  INFO mm2_app::scripted: scripted player started a bounded escape after sustained low-speed throttle tick=224376 escapes=273 position=Vec3(1080.3033, 8.172989, 49.58567) speed=0.03788718953728676 heading_rad=-2.8725881576538086 bearing_rad=-0.4763060510158539 route_next=Some(884) gate=Vec3(1090.8932, 9.97041, 61.40383) aim=Vec3(1088.4567, 9.7146, 58.420364)
2026-10-04T05:54:28.669616Z  INFO mm2_app::scripted: scripted player started a bounded escape after sustained low-speed throttle tick=225762 escapes=274 position=Vec3(1087.714, 7.389848, 60.218536) speed=0.01751764863729477 heading_rad=-2.358522415161133 bearing_rad=-0.43086084723472595 route_next=Some(887) gate=Vec3(1090.8932, 9.97041, 61.40383) aim=Vec3(1090.8932, 9.97041, 61.40383)
2026-10-04T05:54:30.565053Z  INFO mm2_app::scripted: scripted player started a bounded escape after sustained low-speed throttle tick=226634 escapes=275 position=Vec3(1085.7211, 7.295766, 57.626144) speed=1.0195873975753784 heading_rad=-2.418907403945923 bearing_rad=-0.21727602183818817 route_next=Some(887) gate=Vec3(1090.8932, 9.97041, 61.40383) aim=Vec3(1090.8932, 9.97041, 61.40383)
2026-10-04T05:54:31.096263Z  INFO mm2_app::scripted: scripted player re-anchored onto its route after a bounded stuck tick=226882 reanchors=64 position=Vec3(1085.8651, 7.2999144, 57.766026) speed=0.14381375908851624 heading_rad=-2.430410385131836 route_next=884 gate=Vec3(1090.8932, 9.97041, 61.40383) landing=Vec3(1080.3088, 9.416015, 48.44379)
2026-10-04T05:54:31.932846Z  INFO mm2_app::scripted: scripted player started a bounded escape after sustained low-speed throttle tick=227270 escapes=276 position=Vec3(1080.3033, 8.172989, 49.58567) speed=0.03788718953728676 heading_rad=-2.8725881576538086 bearing_rad=-0.4763060510158539 route_next=Some(884) gate=Vec3(1090.8932, 9.97041, 61.40383) aim=Vec3(1088.4567, 9.7146, 58.420364)
2026-10-04T05:54:34.878960Z  INFO mm2_app::scripted: scripted player started a bounded escape after sustained low-speed throttle tick=228656 escapes=277 position=Vec3(1087.714, 7.389848, 60.218536) speed=0.01751764863729477 heading_rad=-2.358522415161133 bearing_rad=-0.43086084723472595 route_next=Some(887) gate=Vec3(1090.8932, 9.97041, 61.40383) aim=Vec3(1090.8932, 9.97041, 61.40383)
2026-10-04T05:54:36.764957Z  INFO mm2_app::scripted: scripted player started a bounded escape after sustained low-speed throttle tick=229528 escapes=278 position=Vec3(1085.7211, 7.295766, 57.626144) speed=1.0195873975753784 heading_rad=-2.418907403945923 bearing_rad=-0.21727602183818817 route_next=Some(887) gate=Vec3(1090.8932, 9.97041, 61.40383) aim=Vec3(1090.8932, 9.97041, 61.40383)
2026-10-04T05:54:37.301901Z  INFO mm2_app::scripted: scripted player re-anchored onto its route after a bounded stuck tick=229776 reanchors=65 position=Vec3(1085.8651, 7.2999144, 57.766026) speed=0.14381375908851624 heading_rad=-2.430410385131836 route_next=884 gate=Vec3(1090.8932, 9.97041, 61.40383) landing=Vec3(1080.3088, 9.416015, 48.44379)
2026-10-04T05:54:38.140906Z  INFO mm2_app::scripted: scripted player started a bounded escape after sustained low-speed throttle tick=230164 escapes=279 position=Vec3(1080.3033, 8.172989, 49.58567) speed=0.03788718953728676 heading_rad=-2.8725881576538086 bearing_rad=-0.4763060510158539 route_next=Some(884) gate=Vec3(1090.8932, 9.97041, 61.40383) aim=Vec3(1088.4567, 9.7146, 58.420364)
2026-10-04T05:54:41.221644Z  INFO mm2_app::scripted: scripted player started a bounded escape after sustained low-speed throttle tick=231550 escapes=280 position=Vec3(1087.714, 7.389848, 60.218536) speed=0.01751764863729477 heading_rad=-2.358522415161133 bearing_rad=-0.43086084723472595 route_next=Some(887) gate=Vec3(1090.8932, 9.97041, 61.40383) aim=Vec3(1090.8932, 9.97041, 61.40383)
2026-10-04T05:54:43.095514Z  INFO mm2_app::scripted: scripted player started a bounded escape after sustained low-speed throttle tick=232422 escapes=281 position=Vec3(1085.7211, 7.295766, 57.626144) speed=1.0195873975753784 heading_rad=-2.418907403945923 bearing_rad=-0.21727602183818817 route_next=Some(887) gate=Vec3(1090.8932, 9.97041, 61.40383) aim=Vec3(1090.8932, 9.97041, 61.40383)
2026-10-04T05:54:43.623312Z  INFO mm2_app::scripted: scripted player re-anchored onto its route after a bounded stuck tick=232670 reanchors=66 position=Vec3(1085.8651, 7.2999144, 57.766026) speed=0.14381375908851624 heading_rad=-2.430410385131836 route_next=884 gate=Vec3(1090.8932, 9.97041, 61.40383) landing=Vec3(1080.3088, 9.416015, 48.44379)
2026-10-04T05:54:44.456413Z  INFO mm2_app::scripted: scripted player started a bounded escape after sustained low-speed throttle tick=233058 escapes=282 position=Vec3(1080.3033, 8.172989, 49.58567) speed=0.03788718953728676 heading_rad=-2.8725881576538086 bearing_rad=-0.4763060510158539 route_next=Some(884) gate=Vec3(1090.8932, 9.97041, 61.40383) aim=Vec3(1088.4567, 9.7146, 58.420364)
2026-10-04T05:54:47.392662Z  INFO mm2_app::scripted: scripted player started a bounded escape after sustained low-speed throttle tick=234444 escapes=283 position=Vec3(1087.714, 7.389848, 60.218536) speed=0.01751764863729477 heading_rad=-2.358522415161133 bearing_rad=-0.43086084723472595 route_next=Some(887) gate=Vec3(1090.8932, 9.97041, 61.40383) aim=Vec3(1090.8932, 9.97041, 61.40383)
2026-10-04T05:54:49.265155Z  INFO mm2_app::scripted: scripted player started a bounded escape after sustained low-speed throttle tick=235316 escapes=284 position=Vec3(1085.7211, 7.295766, 57.626144) speed=1.0195873975753784 heading_rad=-2.418907403945923 bearing_rad=-0.21727602183818817 route_next=Some(887) gate=Vec3(1090.8932, 9.97041, 61.40383) aim=Vec3(1090.8932, 9.97041, 61.40383)
2026-10-04T05:54:49.799711Z  INFO mm2_app::scripted: scripted player re-anchored onto its route after a bounded stuck tick=235564 reanchors=67 position=Vec3(1085.8651, 7.2999144, 57.766026) speed=0.14381375908851624 heading_rad=-2.430410385131836 route_next=884 gate=Vec3(1090.8932, 9.97041, 61.40383) landing=Vec3(1080.3088, 9.416015, 48.44379)
2026-10-04T05:54:50.629534Z  INFO mm2_app::scripted: scripted player started a bounded escape after sustained low-speed throttle tick=235952 escapes=285 position=Vec3(1080.3033, 8.172989, 49.58567) speed=0.03788718953728676 heading_rad=-2.8725881576538086 bearing_rad=-0.4763060510158539 route_next=Some(884) gate=Vec3(1090.8932, 9.97041, 61.40383) aim=Vec3(1088.4567, 9.7146, 58.420364)
2026-10-04T05:54:53.575624Z  INFO mm2_app::scripted: scripted player started a bounded escape after sustained low-speed throttle tick=237338 escapes=286 position=Vec3(1087.714, 7.389848, 60.218536) speed=0.01751764863729477 heading_rad=-2.358522415161133 bearing_rad=-0.43086084723472595 route_next=Some(887) gate=Vec3(1090.8932, 9.97041, 61.40383) aim=Vec3(1090.8932, 9.97041, 61.40383)
2026-10-04T05:54:55.680929Z  INFO mm2_app::scripted: scripted player started a bounded escape after sustained low-speed throttle tick=238210 escapes=287 position=Vec3(1085.7211, 7.295766, 57.626144) speed=1.0195873975753784 heading_rad=-2.418907403945923 bearing_rad=-0.21727602183818817 route_next=Some(887) gate=Vec3(1090.8932, 9.97041, 61.40383) aim=Vec3(1090.8932, 9.97041, 61.40383)
2026-10-04T05:54:56.335079Z  INFO mm2_app::scripted: scripted player re-anchored onto its route after a bounded stuck tick=238458 reanchors=68 position=Vec3(1085.8651, 7.2999144, 57.766026) speed=0.14381375908851624 heading_rad=-2.430410385131836 route_next=884 gate=Vec3(1090.8932, 9.97041, 61.40383) landing=Vec3(1080.3088, 9.416015, 48.44379)
2026-10-04T05:54:57.354945Z  INFO mm2_app::scripted: scripted player started a bounded escape after sustained low-speed throttle tick=238846 escapes=288 position=Vec3(1080.3033, 8.172989, 49.58567) speed=0.03788718953728676 heading_rad=-2.8725881576538086 bearing_rad=-0.4763060510158539 route_next=Some(884) gate=Vec3(1090.8932, 9.97041, 61.40383) aim=Vec3(1088.4567, 9.7146, 58.420364)
2026-10-04T05:55:00.328687Z  INFO mm2_app::scripted: scripted player started a bounded escape after sustained low-speed throttle tick=240232 escapes=289 position=Vec3(1087.714, 7.389848, 60.218536) speed=0.01751764863729477 heading_rad=-2.358522415161133 bearing_rad=-0.43086084723472595 route_next=Some(887) gate=Vec3(1090.8932, 9.97041, 61.40383) aim=Vec3(1090.8932, 9.97041, 61.40383)
2026-10-04T05:55:02.213246Z  INFO mm2_app::scripted: scripted player started a bounded escape after sustained low-speed throttle tick=241104 escapes=290 position=Vec3(1085.7211, 7.295766, 57.626144) speed=1.0195873975753784 heading_rad=-2.418907403945923 bearing_rad=-0.21727602183818817 route_next=Some(887) gate=Vec3(1090.8932, 9.97041, 61.40383) aim=Vec3(1090.8932, 9.97041, 61.40383)
2026-10-04T05:55:02.748073Z  INFO mm2_app::scripted: scripted player re-anchored onto its route after a bounded stuck tick=241352 reanchors=69 position=Vec3(1085.8651, 7.2999144, 57.766026) speed=0.14381375908851624 heading_rad=-2.430410385131836 route_next=884 gate=Vec3(1090.8932, 9.97041, 61.40383) landing=Vec3(1080.3088, 9.416015, 48.44379)
2026-10-04T05:55:03.588013Z  INFO mm2_app::scripted: scripted player started a bounded escape after sustained low-speed throttle tick=241740 escapes=291 position=Vec3(1080.3033, 8.172989, 49.58567) speed=0.03788718953728676 heading_rad=-2.8725881576538086 bearing_rad=-0.4763060510158539 route_next=Some(884) gate=Vec3(1090.8932, 9.97041, 61.40383) aim=Vec3(1088.4567, 9.7146, 58.420364)
2026-10-04T05:55:06.480058Z  INFO mm2_app::scripted: scripted player started a bounded escape after sustained low-speed throttle tick=243126 escapes=292 position=Vec3(1087.714, 7.389848, 60.218536) speed=0.01751764863729477 heading_rad=-2.358522415161133 bearing_rad=-0.43086084723472595 route_next=Some(887) gate=Vec3(1090.8932, 9.97041, 61.40383) aim=Vec3(1090.8932, 9.97041, 61.40383)
2026-10-04T05:55:08.272673Z  INFO mm2_app::scripted: scripted player started a bounded escape after sustained low-speed throttle tick=243998 escapes=293 position=Vec3(1085.7211, 7.295766, 57.626144) speed=1.0195873975753784 heading_rad=-2.418907403945923 bearing_rad=-0.21727602183818817 route_next=Some(887) gate=Vec3(1090.8932, 9.97041, 61.40383) aim=Vec3(1090.8932, 9.97041, 61.40383)
2026-10-04T05:55:08.774695Z  INFO mm2_app::scripted: scripted player re-anchored onto its route after a bounded stuck tick=244246 reanchors=70 position=Vec3(1085.8651, 7.2999144, 57.766026) speed=0.14381375908851624 heading_rad=-2.430410385131836 route_next=884 gate=Vec3(1090.8932, 9.97041, 61.40383) landing=Vec3(1080.3088, 9.416015, 48.44379)
2026-10-04T05:55:09.555504Z  INFO mm2_app::scripted: scripted player started a bounded escape after sustained low-speed throttle tick=244634 escapes=294 position=Vec3(1080.3033, 8.172989, 49.58567) speed=0.03788718953728676 heading_rad=-2.8725881576538086 bearing_rad=-0.4763060510158539 route_next=Some(884) gate=Vec3(1090.8932, 9.97041, 61.40383) aim=Vec3(1088.4567, 9.7146, 58.420364)
2026-10-04T05:55:12.514418Z  INFO mm2_app::scripted: scripted player started a bounded escape after sustained low-speed throttle tick=246020 escapes=295 position=Vec3(1087.714, 7.389848, 60.218536) speed=0.01751764863729477 heading_rad=-2.358522415161133 bearing_rad=-0.43086084723472595 route_next=Some(887) gate=Vec3(1090.8932, 9.97041, 61.40383) aim=Vec3(1090.8932, 9.97041, 61.40383)
2026-10-04T05:55:14.398338Z  INFO mm2_app::scripted: scripted player started a bounded escape after sustained low-speed throttle tick=246892 escapes=296 position=Vec3(1085.7211, 7.295766, 57.626144) speed=1.0195873975753784 heading_rad=-2.418907403945923 bearing_rad=-0.21727602183818817 route_next=Some(887) gate=Vec3(1090.8932, 9.97041, 61.40383) aim=Vec3(1090.8932, 9.97041, 61.40383)
2026-10-04T05:55:14.928342Z  INFO mm2_app::scripted: scripted player re-anchored onto its route after a bounded stuck tick=247140 reanchors=71 position=Vec3(1085.8651, 7.2999144, 57.766026) speed=0.14381375908851624 heading_rad=-2.430410385131836 route_next=884 gate=Vec3(1090.8932, 9.97041, 61.40383) landing=Vec3(1080.3088, 9.416015, 48.44379)
2026-10-04T05:55:15.826914Z  INFO mm2_app::scripted: scripted player started a bounded escape after sustained low-speed throttle tick=247528 escapes=297 position=Vec3(1080.3033, 8.172989, 49.58567) speed=0.03788718953728676 heading_rad=-2.8725881576538086 bearing_rad=-0.4763060510158539 route_next=Some(884) gate=Vec3(1090.8932, 9.97041, 61.40383) aim=Vec3(1088.4567, 9.7146, 58.420364)
2026-10-04T05:55:18.813833Z  INFO mm2_app::scripted: scripted player started a bounded escape after sustained low-speed throttle tick=248914 escapes=298 position=Vec3(1087.714, 7.389848, 60.218536) speed=0.01751764863729477 heading_rad=-2.358522415161133 bearing_rad=-0.43086084723472595 route_next=Some(887) gate=Vec3(1090.8932, 9.97041, 61.40383) aim=Vec3(1090.8932, 9.97041, 61.40383)
2026-10-04T05:55:20.688143Z  INFO mm2_app::scripted: scripted player started a bounded escape after sustained low-speed throttle tick=249786 escapes=299 position=Vec3(1085.7211, 7.295766, 57.626144) speed=1.0195873975753784 heading_rad=-2.418907403945923 bearing_rad=-0.21727602183818817 route_next=Some(887) gate=Vec3(1090.8932, 9.97041, 61.40383) aim=Vec3(1090.8932, 9.97041, 61.40383)
2026-10-04T05:55:21.211332Z  INFO mm2_app::scripted: scripted player re-anchored onto its route after a bounded stuck tick=250034 reanchors=72 position=Vec3(1085.8651, 7.2999144, 57.766026) speed=0.14381375908851624 heading_rad=-2.430410385131836 route_next=884 gate=Vec3(1090.8932, 9.97041, 61.40383) landing=Vec3(1080.3088, 9.416015, 48.44379)
2026-10-04T05:55:22.030667Z  INFO mm2_app::scripted: scripted player started a bounded escape after sustained low-speed throttle tick=250422 escapes=300 position=Vec3(1080.3033, 8.172989, 49.58567) speed=0.03788718953728676 heading_rad=-2.8725881576538086 bearing_rad=-0.4763060510158539 route_next=Some(884) gate=Vec3(1090.8932, 9.97041, 61.40383) aim=Vec3(1088.4567, 9.7146, 58.420364)
2026-10-04T05:55:25.007474Z  INFO mm2_app::scripted: scripted player started a bounded escape after sustained low-speed throttle tick=251808 escapes=301 position=Vec3(1087.714, 7.389848, 60.218536) speed=0.01751764863729477 heading_rad=-2.358522415161133 bearing_rad=-0.43086084723472595 route_next=Some(887) gate=Vec3(1090.8932, 9.97041, 61.40383) aim=Vec3(1090.8932, 9.97041, 61.40383)
2026-10-04T05:55:26.864183Z  INFO mm2_app::scripted: scripted player started a bounded escape after sustained low-speed throttle tick=252680 escapes=302 position=Vec3(1085.7211, 7.295766, 57.626144) speed=1.0195873975753784 heading_rad=-2.418907403945923 bearing_rad=-0.21727602183818817 route_next=Some(887) gate=Vec3(1090.8932, 9.97041, 61.40383) aim=Vec3(1090.8932, 9.97041, 61.40383)
2026-10-04T05:55:27.455283Z  INFO mm2_app::scripted: scripted player re-anchored onto its route after a bounded stuck tick=252928 reanchors=73 position=Vec3(1085.8651, 7.2999144, 57.766026) speed=0.14381375908851624 heading_rad=-2.430410385131836 route_next=884 gate=Vec3(1090.8932, 9.97041, 61.40383) landing=Vec3(1080.3088, 9.416015, 48.44379)
2026-10-04T05:55:28.339248Z  INFO mm2_app::scripted: scripted player started a bounded escape after sustained low-speed throttle tick=253316 escapes=303 position=Vec3(1080.3033, 8.172989, 49.58567) speed=0.03788718953728676 heading_rad=-2.8725881576538086 bearing_rad=-0.4763060510158539 route_next=Some(884) gate=Vec3(1090.8932, 9.97041, 61.40383) aim=Vec3(1088.4567, 9.7146, 58.420364)
2026-10-04T05:55:31.524582Z  INFO mm2_app::scripted: scripted player started a bounded escape after sustained low-speed throttle tick=254702 escapes=304 position=Vec3(1087.714, 7.389848, 60.218536) speed=0.01751764863729477 heading_rad=-2.358522415161133 bearing_rad=-0.43086084723472595 route_next=Some(887) gate=Vec3(1090.8932, 9.97041, 61.40383) aim=Vec3(1090.8932, 9.97041, 61.40383)
2026-10-04T05:55:33.401763Z  INFO mm2_app::scripted: scripted player started a bounded escape after sustained low-speed throttle tick=255574 escapes=305 position=Vec3(1085.7211, 7.295766, 57.626144) speed=1.0195873975753784 heading_rad=-2.418907403945923 bearing_rad=-0.21727602183818817 route_next=Some(887) gate=Vec3(1090.8932, 9.97041, 61.40383) aim=Vec3(1090.8932, 9.97041, 61.40383)
2026-10-04T05:55:33.933068Z  INFO mm2_app::scripted: scripted player re-anchored onto its route after a bounded stuck tick=255822 reanchors=74 position=Vec3(1085.8651, 7.2999144, 57.766026) speed=0.14381375908851624 heading_rad=-2.430410385131836 route_next=884 gate=Vec3(1090.8932, 9.97041, 61.40383) landing=Vec3(1080.3088, 9.416015, 48.44379)
2026-10-04T05:55:34.765058Z  INFO mm2_app::scripted: scripted player started a bounded escape after sustained low-speed throttle tick=256210 escapes=306 position=Vec3(1080.3033, 8.172989, 49.58567) speed=0.03788718953728676 heading_rad=-2.8725881576538086 bearing_rad=-0.4763060510158539 route_next=Some(884) gate=Vec3(1090.8932, 9.97041, 61.40383) aim=Vec3(1088.4567, 9.7146, 58.420364)
2026-10-04T05:55:37.773323Z  INFO mm2_app::scripted: scripted player started a bounded escape after sustained low-speed throttle tick=257596 escapes=307 position=Vec3(1087.714, 7.389848, 60.218536) speed=0.01751764863729477 heading_rad=-2.358522415161133 bearing_rad=-0.43086084723472595 route_next=Some(887) gate=Vec3(1090.8932, 9.97041, 61.40383) aim=Vec3(1090.8932, 9.97041, 61.40383)
2026-10-04T05:55:39.706123Z  INFO mm2_app::scripted: scripted player started a bounded escape after sustained low-speed throttle tick=258468 escapes=308 position=Vec3(1085.7211, 7.295766, 57.626144) speed=1.0195873975753784 heading_rad=-2.418907403945923 bearing_rad=-0.21727602183818817 route_next=Some(887) gate=Vec3(1090.8932, 9.97041, 61.40383) aim=Vec3(1090.8932, 9.97041, 61.40383)
2026-10-04T05:55:40.245965Z  INFO mm2_app::scripted: scripted player re-anchored onto its route after a bounded stuck tick=258716 reanchors=75 position=Vec3(1085.8651, 7.2999144, 57.766026) speed=0.14381375908851624 heading_rad=-2.430410385131836 route_next=884 gate=Vec3(1090.8932, 9.97041, 61.40383) landing=Vec3(1080.3088, 9.416015, 48.44379)
2026-10-04T05:55:41.092520Z  INFO mm2_app::scripted: scripted player started a bounded escape after sustained low-speed throttle tick=259104 escapes=309 position=Vec3(1080.3033, 8.172989, 49.58567) speed=0.03788718953728676 heading_rad=-2.8725881576538086 bearing_rad=-0.4763060510158539 route_next=Some(884) gate=Vec3(1090.8932, 9.97041, 61.40383) aim=Vec3(1088.4567, 9.7146, 58.420364)
2026-10-04T05:55:44.142047Z  INFO mm2_app::scripted: scripted player started a bounded escape after sustained low-speed throttle tick=260490 escapes=310 position=Vec3(1087.714, 7.389848, 60.218536) speed=0.01751764863729477 heading_rad=-2.358522415161133 bearing_rad=-0.43086084723472595 route_next=Some(887) gate=Vec3(1090.8932, 9.97041, 61.40383) aim=Vec3(1090.8932, 9.97041, 61.40383)
2026-10-04T05:55:46.135003Z  INFO mm2_app::scripted: scripted player started a bounded escape after sustained low-speed throttle tick=261362 escapes=311 position=Vec3(1085.7211, 7.295766, 57.626144) speed=1.0195873975753784 heading_rad=-2.418907403945923 bearing_rad=-0.21727602183818817 route_next=Some(887) gate=Vec3(1090.8932, 9.97041, 61.40383) aim=Vec3(1090.8932, 9.97041, 61.40383)
2026-10-04T05:55:46.707851Z  INFO mm2_app::scripted: scripted player re-anchored onto its route after a bounded stuck tick=261610 reanchors=76 position=Vec3(1085.8651, 7.2999144, 57.766026) speed=0.14381375908851624 heading_rad=-2.430410385131836 route_next=884 gate=Vec3(1090.8932, 9.97041, 61.40383) landing=Vec3(1080.3088, 9.416015, 48.44379)
2026-10-04T05:55:47.699818Z  INFO mm2_app::scripted: scripted player started a bounded escape after sustained low-speed throttle tick=261998 escapes=312 position=Vec3(1080.3033, 8.172989, 49.58567) speed=0.03788718953728676 heading_rad=-2.8725881576538086 bearing_rad=-0.4763060510158539 route_next=Some(884) gate=Vec3(1090.8932, 9.97041, 61.40383) aim=Vec3(1088.4567, 9.7146, 58.420364)
2026-10-04T05:55:50.810173Z  INFO mm2_app::scripted: scripted player started a bounded escape after sustained low-speed throttle tick=263384 escapes=313 position=Vec3(1087.714, 7.389848, 60.218536) speed=0.01751764863729477 heading_rad=-2.358522415161133 bearing_rad=-0.43086084723472595 route_next=Some(887) gate=Vec3(1090.8932, 9.97041, 61.40383) aim=Vec3(1090.8932, 9.97041, 61.40383)
2026-10-04T05:55:52.783795Z  INFO mm2_app::scripted: scripted player started a bounded escape after sustained low-speed throttle tick=264256 escapes=314 position=Vec3(1085.7211, 7.295766, 57.626144) speed=1.0195873975753784 heading_rad=-2.418907403945923 bearing_rad=-0.21727602183818817 route_next=Some(887) gate=Vec3(1090.8932, 9.97041, 61.40383) aim=Vec3(1090.8932, 9.97041, 61.40383)
2026-10-04T05:55:53.358964Z  INFO mm2_app::scripted: scripted player re-anchored onto its route after a bounded stuck tick=264504 reanchors=77 position=Vec3(1085.8651, 7.2999144, 57.766026) speed=0.14381375908851624 heading_rad=-2.430410385131836 route_next=884 gate=Vec3(1090.8932, 9.97041, 61.40383) landing=Vec3(1080.3088, 9.416015, 48.44379)
2026-10-04T05:55:54.260750Z  INFO mm2_app::scripted: scripted player started a bounded escape after sustained low-speed throttle tick=264892 escapes=315 position=Vec3(1080.3033, 8.172989, 49.58567) speed=0.03788718953728676 heading_rad=-2.8725881576538086 bearing_rad=-0.4763060510158539 route_next=Some(884) gate=Vec3(1090.8932, 9.97041, 61.40383) aim=Vec3(1088.4567, 9.7146, 58.420364)
2026-10-04T05:55:57.615566Z  INFO mm2_app::scripted: scripted player started a bounded escape after sustained low-speed throttle tick=266278 escapes=316 position=Vec3(1087.714, 7.389848, 60.218536) speed=0.01751764863729477 heading_rad=-2.358522415161133 bearing_rad=-0.43086084723472595 route_next=Some(887) gate=Vec3(1090.8932, 9.97041, 61.40383) aim=Vec3(1090.8932, 9.97041, 61.40383)
2026-10-04T05:55:59.612024Z  INFO mm2_app::scripted: scripted player started a bounded escape after sustained low-speed throttle tick=267150 escapes=317 position=Vec3(1085.7211, 7.295766, 57.626144) speed=1.0195873975753784 heading_rad=-2.418907403945923 bearing_rad=-0.21727602183818817 route_next=Some(887) gate=Vec3(1090.8932, 9.97041, 61.40383) aim=Vec3(1090.8932, 9.97041, 61.40383)
2026-10-04T05:56:00.169498Z  INFO mm2_app::scripted: scripted player re-anchored onto its route after a bounded stuck tick=267398 reanchors=78 position=Vec3(1085.8651, 7.2999144, 57.766026) speed=0.14381375908851624 heading_rad=-2.430410385131836 route_next=884 gate=Vec3(1090.8932, 9.97041, 61.40383) landing=Vec3(1080.3088, 9.416015, 48.44379)
2026-10-04T05:56:01.122461Z  INFO mm2_app::scripted: scripted player started a bounded escape after sustained low-speed throttle tick=267786 escapes=318 position=Vec3(1080.3033, 8.172989, 49.58567) speed=0.03788718953728676 heading_rad=-2.8725881576538086 bearing_rad=-0.4763060510158539 route_next=Some(884) gate=Vec3(1090.8932, 9.97041, 61.40383) aim=Vec3(1088.4567, 9.7146, 58.420364)
2026-10-04T05:56:04.476087Z  INFO mm2_app::scripted: scripted player started a bounded escape after sustained low-speed throttle tick=269172 escapes=319 position=Vec3(1087.714, 7.389848, 60.218536) speed=0.01751764863729477 heading_rad=-2.358522415161133 bearing_rad=-0.43086084723472595 route_next=Some(887) gate=Vec3(1090.8932, 9.97041, 61.40383) aim=Vec3(1090.8932, 9.97041, 61.40383)
2026-10-04T05:56:06.523286Z  INFO mm2_app::scripted: scripted player started a bounded escape after sustained low-speed throttle tick=270044 escapes=320 position=Vec3(1085.7211, 7.295766, 57.626144) speed=1.0195873975753784 heading_rad=-2.418907403945923 bearing_rad=-0.21727602183818817 route_next=Some(887) gate=Vec3(1090.8932, 9.97041, 61.40383) aim=Vec3(1090.8932, 9.97041, 61.40383)
2026-10-04T05:56:07.083523Z  INFO mm2_app::scripted: scripted player re-anchored onto its route after a bounded stuck tick=270292 reanchors=79 position=Vec3(1085.8651, 7.2999144, 57.766026) speed=0.14381375908851624 heading_rad=-2.430410385131836 route_next=884 gate=Vec3(1090.8932, 9.97041, 61.40383) landing=Vec3(1080.3088, 9.416015, 48.44379)
2026-10-04T05:56:07.972210Z  INFO mm2_app::scripted: scripted player started a bounded escape after sustained low-speed throttle tick=270680 escapes=321 position=Vec3(1080.3033, 8.172989, 49.58567) speed=0.03788718953728676 heading_rad=-2.8725881576538086 bearing_rad=-0.4763060510158539 route_next=Some(884) gate=Vec3(1090.8932, 9.97041, 61.40383) aim=Vec3(1088.4567, 9.7146, 58.420364)
2026-10-04T05:56:11.099138Z  INFO mm2_app::scripted: scripted player started a bounded escape after sustained low-speed throttle tick=272066 escapes=322 position=Vec3(1087.714, 7.389848, 60.218536) speed=0.01751764863729477 heading_rad=-2.358522415161133 bearing_rad=-0.43086084723472595 route_next=Some(887) gate=Vec3(1090.8932, 9.97041, 61.40383) aim=Vec3(1090.8932, 9.97041, 61.40383)
2026-10-04T05:56:13.085558Z  INFO mm2_app::scripted: scripted player started a bounded escape after sustained low-speed throttle tick=272938 escapes=323 position=Vec3(1085.7211, 7.295766, 57.626144) speed=1.0195873975753784 heading_rad=-2.418907403945923 bearing_rad=-0.21727602183818817 route_next=Some(887) gate=Vec3(1090.8932, 9.97041, 61.40383) aim=Vec3(1090.8932, 9.97041, 61.40383)
2026-10-04T05:56:13.646937Z  INFO mm2_app::scripted: scripted player re-anchored onto its route after a bounded stuck tick=273186 reanchors=80 position=Vec3(1085.8651, 7.2999144, 57.766026) speed=0.14381375908851624 heading_rad=-2.430410385131836 route_next=884 gate=Vec3(1090.8932, 9.97041, 61.40383) landing=Vec3(1080.3088, 9.416015, 48.44379)
2026-10-04T05:56:14.566791Z  INFO mm2_app::scripted: scripted player started a bounded escape after sustained low-speed throttle tick=273574 escapes=324 position=Vec3(1080.3033, 8.172989, 49.58567) speed=0.03788718953728676 heading_rad=-2.8725881576538086 bearing_rad=-0.4763060510158539 route_next=Some(884) gate=Vec3(1090.8932, 9.97041, 61.40383) aim=Vec3(1088.4567, 9.7146, 58.420364)
2026-10-04T05:56:17.662982Z  INFO mm2_app::scripted: scripted player started a bounded escape after sustained low-speed throttle tick=274960 escapes=325 position=Vec3(1087.714, 7.389848, 60.218536) speed=0.01751764863729477 heading_rad=-2.358522415161133 bearing_rad=-0.43086084723472595 route_next=Some(887) gate=Vec3(1090.8932, 9.97041, 61.40383) aim=Vec3(1090.8932, 9.97041, 61.40383)
2026-10-04T05:56:19.643002Z  INFO mm2_app::scripted: scripted player started a bounded escape after sustained low-speed throttle tick=275832 escapes=326 position=Vec3(1085.7211, 7.295766, 57.626144) speed=1.0195873975753784 heading_rad=-2.418907403945923 bearing_rad=-0.21727602183818817 route_next=Some(887) gate=Vec3(1090.8932, 9.97041, 61.40383) aim=Vec3(1090.8932, 9.97041, 61.40383)
2026-10-04T05:56:20.195597Z  INFO mm2_app::scripted: scripted player re-anchored onto its route after a bounded stuck tick=276080 reanchors=81 position=Vec3(1085.8651, 7.2999144, 57.766026) speed=0.14381375908851624 heading_rad=-2.430410385131836 route_next=884 gate=Vec3(1090.8932, 9.97041, 61.40383) landing=Vec3(1080.3088, 9.416015, 48.44379)
2026-10-04T05:56:21.070559Z  INFO mm2_app::scripted: scripted player started a bounded escape after sustained low-speed throttle tick=276468 escapes=327 position=Vec3(1080.3033, 8.172989, 49.58567) speed=0.03788718953728676 heading_rad=-2.8725881576538086 bearing_rad=-0.4763060510158539 route_next=Some(884) gate=Vec3(1090.8932, 9.97041, 61.40383) aim=Vec3(1088.4567, 9.7146, 58.420364)
2026-10-04T05:56:24.188940Z  INFO mm2_app::scripted: scripted player started a bounded escape after sustained low-speed throttle tick=277854 escapes=328 position=Vec3(1087.714, 7.389848, 60.218536) speed=0.01751764863729477 heading_rad=-2.358522415161133 bearing_rad=-0.43086084723472595 route_next=Some(887) gate=Vec3(1090.8932, 9.97041, 61.40383) aim=Vec3(1090.8932, 9.97041, 61.40383)
2026-10-04T05:56:26.179293Z  INFO mm2_app::scripted: scripted player started a bounded escape after sustained low-speed throttle tick=278726 escapes=329 position=Vec3(1085.7211, 7.295766, 57.626144) speed=1.0195873975753784 heading_rad=-2.418907403945923 bearing_rad=-0.21727602183818817 route_next=Some(887) gate=Vec3(1090.8932, 9.97041, 61.40383) aim=Vec3(1090.8932, 9.97041, 61.40383)
2026-10-04T05:56:26.758446Z  INFO mm2_app::scripted: scripted player re-anchored onto its route after a bounded stuck tick=278974 reanchors=82 position=Vec3(1085.8651, 7.2999144, 57.766026) speed=0.14381375908851624 heading_rad=-2.430410385131836 route_next=884 gate=Vec3(1090.8932, 9.97041, 61.40383) landing=Vec3(1080.3088, 9.416015, 48.44379)
2026-10-04T05:56:27.639116Z  INFO mm2_app::scripted: scripted player started a bounded escape after sustained low-speed throttle tick=279362 escapes=330 position=Vec3(1080.3033, 8.172989, 49.58567) speed=0.03788718953728676 heading_rad=-2.8725881576538086 bearing_rad=-0.4763060510158539 route_next=Some(884) gate=Vec3(1090.8932, 9.97041, 61.40383) aim=Vec3(1088.4567, 9.7146, 58.420364)
2026-10-04T05:56:30.842310Z  INFO mm2_app::scripted: scripted player started a bounded escape after sustained low-speed throttle tick=280748 escapes=331 position=Vec3(1087.714, 7.389848, 60.218536) speed=0.01751764863729477 heading_rad=-2.358522415161133 bearing_rad=-0.43086084723472595 route_next=Some(887) gate=Vec3(1090.8932, 9.97041, 61.40383) aim=Vec3(1090.8932, 9.97041, 61.40383)
2026-10-04T05:56:32.869818Z  INFO mm2_app::scripted: scripted player started a bounded escape after sustained low-speed throttle tick=281620 escapes=332 position=Vec3(1085.7211, 7.295766, 57.626144) speed=1.0195873975753784 heading_rad=-2.418907403945923 bearing_rad=-0.21727602183818817 route_next=Some(887) gate=Vec3(1090.8932, 9.97041, 61.40383) aim=Vec3(1090.8932, 9.97041, 61.40383)
2026-10-04T05:56:33.446345Z  INFO mm2_app::scripted: scripted player re-anchored onto its route after a bounded stuck tick=281868 reanchors=83 position=Vec3(1085.8651, 7.2999144, 57.766026) speed=0.14381375908851624 heading_rad=-2.430410385131836 route_next=884 gate=Vec3(1090.8932, 9.97041, 61.40383) landing=Vec3(1080.3088, 9.416015, 48.44379)
2026-10-04T05:56:34.380697Z  INFO mm2_app::scripted: scripted player started a bounded escape after sustained low-speed throttle tick=282256 escapes=333 position=Vec3(1080.3033, 8.172989, 49.58567) speed=0.03788718953728676 heading_rad=-2.8725881576538086 bearing_rad=-0.4763060510158539 route_next=Some(884) gate=Vec3(1090.8932, 9.97041, 61.40383) aim=Vec3(1088.4567, 9.7146, 58.420364)
2026-10-04T05:56:37.935597Z  INFO mm2_app::scripted: scripted player started a bounded escape after sustained low-speed throttle tick=283642 escapes=334 position=Vec3(1087.714, 7.389848, 60.218536) speed=0.01751764863729477 heading_rad=-2.358522415161133 bearing_rad=-0.43086084723472595 route_next=Some(887) gate=Vec3(1090.8932, 9.97041, 61.40383) aim=Vec3(1090.8932, 9.97041, 61.40383)
2026-10-04T05:56:39.982606Z  INFO mm2_app::scripted: scripted player started a bounded escape after sustained low-speed throttle tick=284514 escapes=335 position=Vec3(1085.7211, 7.295766, 57.626144) speed=1.0195873975753784 heading_rad=-2.418907403945923 bearing_rad=-0.21727602183818817 route_next=Some(887) gate=Vec3(1090.8932, 9.97041, 61.40383) aim=Vec3(1090.8932, 9.97041, 61.40383)
2026-10-04T05:56:40.557243Z  INFO mm2_app::scripted: scripted player re-anchored onto its route after a bounded stuck tick=284762 reanchors=84 position=Vec3(1085.8651, 7.2999144, 57.766026) speed=0.14381375908851624 heading_rad=-2.430410385131836 route_next=884 gate=Vec3(1090.8932, 9.97041, 61.40383) landing=Vec3(1080.3088, 9.416015, 48.44379)
2026-10-04T05:56:41.452021Z  INFO mm2_app::scripted: scripted player started a bounded escape after sustained low-speed throttle tick=285150 escapes=336 position=Vec3(1080.3033, 8.172989, 49.58567) speed=0.03788718953728676 heading_rad=-2.8725881576538086 bearing_rad=-0.4763060510158539 route_next=Some(884) gate=Vec3(1090.8932, 9.97041, 61.40383) aim=Vec3(1088.4567, 9.7146, 58.420364)
2026-10-04T05:56:44.675484Z  INFO mm2_app::scripted: scripted player started a bounded escape after sustained low-speed throttle tick=286536 escapes=337 position=Vec3(1087.714, 7.389848, 60.218536) speed=0.01751764863729477 heading_rad=-2.358522415161133 bearing_rad=-0.43086084723472595 route_next=Some(887) gate=Vec3(1090.8932, 9.97041, 61.40383) aim=Vec3(1090.8932, 9.97041, 61.40383)
2026-10-04T05:56:46.709373Z  INFO mm2_app::scripted: scripted player started a bounded escape after sustained low-speed throttle tick=287408 escapes=338 position=Vec3(1085.7211, 7.295766, 57.626144) speed=1.0195873975753784 heading_rad=-2.418907403945923 bearing_rad=-0.21727602183818817 route_next=Some(887) gate=Vec3(1090.8932, 9.97041, 61.40383) aim=Vec3(1090.8932, 9.97041, 61.40383)
2026-10-04T05:56:47.280455Z  INFO mm2_app::scripted: scripted player re-anchored onto its route after a bounded stuck tick=287656 reanchors=85 position=Vec3(1085.8651, 7.2999144, 57.766026) speed=0.14381375908851624 heading_rad=-2.430410385131836 route_next=884 gate=Vec3(1090.8932, 9.97041, 61.40383) landing=Vec3(1080.3088, 9.416015, 48.44379)
2026-10-04T05:56:48.192466Z  INFO mm2_app::scripted: scripted player started a bounded escape after sustained low-speed throttle tick=288044 escapes=339 position=Vec3(1080.3033, 8.172989, 49.58567) speed=0.03788718953728676 heading_rad=-2.8725881576538086 bearing_rad=-0.4763060510158539 route_next=Some(884) gate=Vec3(1090.8932, 9.97041, 61.40383) aim=Vec3(1088.4567, 9.7146, 58.420364)
2026-10-04T05:56:51.414095Z  INFO mm2_app::scripted: scripted player started a bounded escape after sustained low-speed throttle tick=289430 escapes=340 position=Vec3(1087.714, 7.389848, 60.218536) speed=0.01751764863729477 heading_rad=-2.358522415161133 bearing_rad=-0.43086084723472595 route_next=Some(887) gate=Vec3(1090.8932, 9.97041, 61.40383) aim=Vec3(1090.8932, 9.97041, 61.40383)
2026-10-04T05:56:53.448160Z  INFO mm2_app::scripted: scripted player started a bounded escape after sustained low-speed throttle tick=290302 escapes=341 position=Vec3(1085.7211, 7.295766, 57.626144) speed=1.0195873975753784 heading_rad=-2.418907403945923 bearing_rad=-0.21727602183818817 route_next=Some(887) gate=Vec3(1090.8932, 9.97041, 61.40383) aim=Vec3(1090.8932, 9.97041, 61.40383)
2026-10-04T05:56:54.032750Z  INFO mm2_app::scripted: scripted player re-anchored onto its route after a bounded stuck tick=290550 reanchors=86 position=Vec3(1085.8651, 7.2999144, 57.766026) speed=0.14381375908851624 heading_rad=-2.430410385131836 route_next=884 gate=Vec3(1090.8932, 9.97041, 61.40383) landing=Vec3(1080.3088, 9.416015, 48.44379)
2026-10-04T05:56:54.954820Z  INFO mm2_app::scripted: scripted player started a bounded escape after sustained low-speed throttle tick=290938 escapes=342 position=Vec3(1080.3033, 8.172989, 49.58567) speed=0.03788718953728676 heading_rad=-2.8725881576538086 bearing_rad=-0.4763060510158539 route_next=Some(884) gate=Vec3(1090.8932, 9.97041, 61.40383) aim=Vec3(1088.4567, 9.7146, 58.420364)
2026-10-04T05:56:58.339177Z  INFO mm2_app::scripted: scripted player started a bounded escape after sustained low-speed throttle tick=292324 escapes=343 position=Vec3(1087.714, 7.389848, 60.218536) speed=0.01751764863729477 heading_rad=-2.358522415161133 bearing_rad=-0.43086084723472595 route_next=Some(887) gate=Vec3(1090.8932, 9.97041, 61.40383) aim=Vec3(1090.8932, 9.97041, 61.40383)
2026-10-04T05:57:00.386999Z  INFO mm2_app::scripted: scripted player started a bounded escape after sustained low-speed throttle tick=293196 escapes=344 position=Vec3(1085.7211, 7.295766, 57.626144) speed=1.0195873975753784 heading_rad=-2.418907403945923 bearing_rad=-0.21727602183818817 route_next=Some(887) gate=Vec3(1090.8932, 9.97041, 61.40383) aim=Vec3(1090.8932, 9.97041, 61.40383)
2026-10-04T05:57:00.980313Z  INFO mm2_app::scripted: scripted player re-anchored onto its route after a bounded stuck tick=293444 reanchors=87 position=Vec3(1085.8651, 7.2999144, 57.766026) speed=0.14381375908851624 heading_rad=-2.430410385131836 route_next=884 gate=Vec3(1090.8932, 9.97041, 61.40383) landing=Vec3(1080.3088, 9.416015, 48.44379)
2026-10-04T05:57:01.875529Z  INFO mm2_app::scripted: scripted player started a bounded escape after sustained low-speed throttle tick=293832 escapes=345 position=Vec3(1080.3033, 8.172989, 49.58567) speed=0.03788718953728676 heading_rad=-2.8725881576538086 bearing_rad=-0.4763060510158539 route_next=Some(884) gate=Vec3(1090.8932, 9.97041, 61.40383) aim=Vec3(1088.4567, 9.7146, 58.420364)
2026-10-04T05:57:05.163839Z  INFO mm2_app::scripted: scripted player started a bounded escape after sustained low-speed throttle tick=295218 escapes=346 position=Vec3(1087.714, 7.389848, 60.218536) speed=0.01751764863729477 heading_rad=-2.358522415161133 bearing_rad=-0.43086084723472595 route_next=Some(887) gate=Vec3(1090.8932, 9.97041, 61.40383) aim=Vec3(1090.8932, 9.97041, 61.40383)
2026-10-04T05:57:07.244221Z  INFO mm2_app::scripted: scripted player started a bounded escape after sustained low-speed throttle tick=296090 escapes=347 position=Vec3(1085.7211, 7.295766, 57.626144) speed=1.0195873975753784 heading_rad=-2.418907403945923 bearing_rad=-0.21727602183818817 route_next=Some(887) gate=Vec3(1090.8932, 9.97041, 61.40383) aim=Vec3(1090.8932, 9.97041, 61.40383)
2026-10-04T05:57:07.875576Z  INFO mm2_app::scripted: scripted player re-anchored onto its route after a bounded stuck tick=296338 reanchors=88 position=Vec3(1085.8651, 7.2999144, 57.766026) speed=0.14381375908851624 heading_rad=-2.430410385131836 route_next=884 gate=Vec3(1090.8932, 9.97041, 61.40383) landing=Vec3(1080.3088, 9.416015, 48.44379)
2026-10-04T05:57:08.876708Z  INFO mm2_app::scripted: scripted player started a bounded escape after sustained low-speed throttle tick=296726 escapes=348 position=Vec3(1080.3033, 8.172989, 49.58567) speed=0.03788718953728676 heading_rad=-2.8725881576538086 bearing_rad=-0.4763060510158539 route_next=Some(884) gate=Vec3(1090.8932, 9.97041, 61.40383) aim=Vec3(1088.4567, 9.7146, 58.420364)
2026-10-04T05:57:12.225866Z  INFO mm2_app::scripted: scripted player started a bounded escape after sustained low-speed throttle tick=298112 escapes=349 position=Vec3(1087.714, 7.389848, 60.218536) speed=0.01751764863729477 heading_rad=-2.358522415161133 bearing_rad=-0.43086084723472595 route_next=Some(887) gate=Vec3(1090.8932, 9.97041, 61.40383) aim=Vec3(1090.8932, 9.97041, 61.40383)
2026-10-04T05:57:14.200756Z  INFO mm2_app::scripted: scripted player started a bounded escape after sustained low-speed throttle tick=298984 escapes=350 position=Vec3(1085.7211, 7.295766, 57.626144) speed=1.0195873975753784 heading_rad=-2.418907403945923 bearing_rad=-0.21727602183818817 route_next=Some(887) gate=Vec3(1090.8932, 9.97041, 61.40383) aim=Vec3(1090.8932, 9.97041, 61.40383)
2026-10-04T05:57:14.757859Z  INFO mm2_app::scripted: scripted player re-anchored onto its route after a bounded stuck tick=299232 reanchors=89 position=Vec3(1085.8651, 7.2999144, 57.766026) speed=0.14381375908851624 heading_rad=-2.430410385131836 route_next=884 gate=Vec3(1090.8932, 9.97041, 61.40383) landing=Vec3(1080.3088, 9.416015, 48.44379)
2026-10-04T05:57:15.644264Z  INFO mm2_app::scripted: scripted player started a bounded escape after sustained low-speed throttle tick=299620 escapes=351 position=Vec3(1080.3033, 8.172989, 49.58567) speed=0.03788718953728676 heading_rad=-2.8725881576538086 bearing_rad=-0.4763060510158539 route_next=Some(884) gate=Vec3(1090.8932, 9.97041, 61.40383) aim=Vec3(1088.4567, 9.7146, 58.420364)
2026-10-04T05:57:18.797776Z  INFO mm2_app::scripted: scripted player started a bounded escape after sustained low-speed throttle tick=301006 escapes=352 position=Vec3(1087.714, 7.389848, 60.218536) speed=0.01751764863729477 heading_rad=-2.358522415161133 bearing_rad=-0.43086084723472595 route_next=Some(887) gate=Vec3(1090.8932, 9.97041, 61.40383) aim=Vec3(1090.8932, 9.97041, 61.40383)
2026-10-04T05:57:20.801910Z  INFO mm2_app::scripted: scripted player started a bounded escape after sustained low-speed throttle tick=301878 escapes=353 position=Vec3(1085.7211, 7.295766, 57.626144) speed=1.0195873975753784 heading_rad=-2.418907403945923 bearing_rad=-0.21727602183818817 route_next=Some(887) gate=Vec3(1090.8932, 9.97041, 61.40383) aim=Vec3(1090.8932, 9.97041, 61.40383)
2026-10-04T05:57:21.369540Z  INFO mm2_app::scripted: scripted player re-anchored onto its route after a bounded stuck tick=302126 reanchors=90 position=Vec3(1085.8651, 7.2999144, 57.766026) speed=0.14381375908851624 heading_rad=-2.430410385131836 route_next=884 gate=Vec3(1090.8932, 9.97041, 61.40383) landing=Vec3(1080.3088, 9.416015, 48.44379)
2026-10-04T05:57:22.249933Z  INFO mm2_app::scripted: scripted player started a bounded escape after sustained low-speed throttle tick=302514 escapes=354 position=Vec3(1080.3033, 8.172989, 49.58567) speed=0.03788718953728676 heading_rad=-2.8725881576538086 bearing_rad=-0.4763060510158539 route_next=Some(884) gate=Vec3(1090.8932, 9.97041, 61.40383) aim=Vec3(1088.4567, 9.7146, 58.420364)
2026-10-04T05:57:25.371728Z  INFO mm2_app::scripted: scripted player started a bounded escape after sustained low-speed throttle tick=303900 escapes=355 position=Vec3(1087.714, 7.389848, 60.218536) speed=0.01751764863729477 heading_rad=-2.358522415161133 bearing_rad=-0.43086084723472595 route_next=Some(887) gate=Vec3(1090.8932, 9.97041, 61.40383) aim=Vec3(1090.8932, 9.97041, 61.40383)
2026-10-04T05:57:27.346418Z  INFO mm2_app::scripted: scripted player started a bounded escape after sustained low-speed throttle tick=304772 escapes=356 position=Vec3(1085.7211, 7.295766, 57.626144) speed=1.0195873975753784 heading_rad=-2.418907403945923 bearing_rad=-0.21727602183818817 route_next=Some(887) gate=Vec3(1090.8932, 9.97041, 61.40383) aim=Vec3(1090.8932, 9.97041, 61.40383)
2026-10-04T05:57:27.905580Z  INFO mm2_app::scripted: scripted player re-anchored onto its route after a bounded stuck tick=305020 reanchors=91 position=Vec3(1085.8651, 7.2999144, 57.766026) speed=0.14381375908851624 heading_rad=-2.430410385131836 route_next=884 gate=Vec3(1090.8932, 9.97041, 61.40383) landing=Vec3(1080.3088, 9.416015, 48.44379)
2026-10-04T05:57:28.788720Z  INFO mm2_app::scripted: scripted player started a bounded escape after sustained low-speed throttle tick=305408 escapes=357 position=Vec3(1080.3033, 8.172989, 49.58567) speed=0.03788718953728676 heading_rad=-2.8725881576538086 bearing_rad=-0.4763060510158539 route_next=Some(884) gate=Vec3(1090.8932, 9.97041, 61.40383) aim=Vec3(1088.4567, 9.7146, 58.420364)
2026-10-04T05:57:31.907752Z  INFO mm2_app::scripted: scripted player started a bounded escape after sustained low-speed throttle tick=306794 escapes=358 position=Vec3(1087.714, 7.389848, 60.218536) speed=0.01751764863729477 heading_rad=-2.358522415161133 bearing_rad=-0.43086084723472595 route_next=Some(887) gate=Vec3(1090.8932, 9.97041, 61.40383) aim=Vec3(1090.8932, 9.97041, 61.40383)
2026-10-04T05:57:33.894670Z  INFO mm2_app::scripted: scripted player started a bounded escape after sustained low-speed throttle tick=307666 escapes=359 position=Vec3(1085.7211, 7.295766, 57.626144) speed=1.0195873975753784 heading_rad=-2.418907403945923 bearing_rad=-0.21727602183818817 route_next=Some(887) gate=Vec3(1090.8932, 9.97041, 61.40383) aim=Vec3(1090.8932, 9.97041, 61.40383)
2026-10-04T05:57:34.455883Z  INFO mm2_app::scripted: scripted player re-anchored onto its route after a bounded stuck tick=307914 reanchors=92 position=Vec3(1085.8651, 7.2999144, 57.766026) speed=0.14381375908851624 heading_rad=-2.430410385131836 route_next=884 gate=Vec3(1090.8932, 9.97041, 61.40383) landing=Vec3(1080.3088, 9.416015, 48.44379)
2026-10-04T05:57:35.340632Z  INFO mm2_app::scripted: scripted player started a bounded escape after sustained low-speed throttle tick=308302 escapes=360 position=Vec3(1080.3033, 8.172989, 49.58567) speed=0.03788718953728676 heading_rad=-2.8725881576538086 bearing_rad=-0.4763060510158539 route_next=Some(884) gate=Vec3(1090.8932, 9.97041, 61.40383) aim=Vec3(1088.4567, 9.7146, 58.420364)
2026-10-04T05:57:38.577027Z  INFO mm2_app::scripted: scripted player started a bounded escape after sustained low-speed throttle tick=309688 escapes=361 position=Vec3(1087.714, 7.389848, 60.218536) speed=0.01751764863729477 heading_rad=-2.358522415161133 bearing_rad=-0.43086084723472595 route_next=Some(887) gate=Vec3(1090.8932, 9.97041, 61.40383) aim=Vec3(1090.8932, 9.97041, 61.40383)
2026-10-04T05:57:40.689197Z  INFO mm2_app::scripted: scripted player started a bounded escape after sustained low-speed throttle tick=310560 escapes=362 position=Vec3(1085.7211, 7.295766, 57.626144) speed=1.0195873975753784 heading_rad=-2.418907403945923 bearing_rad=-0.21727602183818817 route_next=Some(887) gate=Vec3(1090.8932, 9.97041, 61.40383) aim=Vec3(1090.8932, 9.97041, 61.40383)
2026-10-04T05:57:41.292869Z  INFO mm2_app::scripted: scripted player re-anchored onto its route after a bounded stuck tick=310808 reanchors=93 position=Vec3(1085.8651, 7.2999144, 57.766026) speed=0.14381375908851624 heading_rad=-2.430410385131836 route_next=884 gate=Vec3(1090.8932, 9.97041, 61.40383) landing=Vec3(1080.3088, 9.416015, 48.44379)
2026-10-04T05:57:42.358812Z  INFO mm2_app::scripted: scripted player started a bounded escape after sustained low-speed throttle tick=311196 escapes=363 position=Vec3(1080.3033, 8.172989, 49.58567) speed=0.03788718953728676 heading_rad=-2.8725881576538086 bearing_rad=-0.4763060510158539 route_next=Some(884) gate=Vec3(1090.8932, 9.97041, 61.40383) aim=Vec3(1088.4567, 9.7146, 58.420364)
2026-10-04T05:57:45.601356Z  INFO mm2_app::scripted: scripted player started a bounded escape after sustained low-speed throttle tick=312582 escapes=364 position=Vec3(1087.714, 7.389848, 60.218536) speed=0.01751764863729477 heading_rad=-2.358522415161133 bearing_rad=-0.43086084723472595 route_next=Some(887) gate=Vec3(1090.8932, 9.97041, 61.40383) aim=Vec3(1090.8932, 9.97041, 61.40383)
2026-10-04T05:57:47.639254Z  INFO mm2_app::scripted: scripted player started a bounded escape after sustained low-speed throttle tick=313454 escapes=365 position=Vec3(1085.7211, 7.295766, 57.626144) speed=1.0195873975753784 heading_rad=-2.418907403945923 bearing_rad=-0.21727602183818817 route_next=Some(887) gate=Vec3(1090.8932, 9.97041, 61.40383) aim=Vec3(1090.8932, 9.97041, 61.40383)
2026-10-04T05:57:48.227955Z  INFO mm2_app::scripted: scripted player re-anchored onto its route after a bounded stuck tick=313702 reanchors=94 position=Vec3(1085.8651, 7.2999144, 57.766026) speed=0.14381375908851624 heading_rad=-2.430410385131836 route_next=884 gate=Vec3(1090.8932, 9.97041, 61.40383) landing=Vec3(1080.3088, 9.416015, 48.44379)
2026-10-04T05:57:49.131879Z  INFO mm2_app::scripted: scripted player started a bounded escape after sustained low-speed throttle tick=314090 escapes=366 position=Vec3(1080.3033, 8.172989, 49.58567) speed=0.03788718953728676 heading_rad=-2.8725881576538086 bearing_rad=-0.4763060510158539 route_next=Some(884) gate=Vec3(1090.8932, 9.97041, 61.40383) aim=Vec3(1088.4567, 9.7146, 58.420364)
2026-10-04T05:57:52.453993Z  INFO mm2_app::scripted: scripted player started a bounded escape after sustained low-speed throttle tick=315476 escapes=367 position=Vec3(1087.714, 7.389848, 60.218536) speed=0.01751764863729477 heading_rad=-2.358522415161133 bearing_rad=-0.43086084723472595 route_next=Some(887) gate=Vec3(1090.8932, 9.97041, 61.40383) aim=Vec3(1090.8932, 9.97041, 61.40383)
2026-10-04T05:57:54.705636Z  INFO mm2_app::scripted: scripted player started a bounded escape after sustained low-speed throttle tick=316348 escapes=368 position=Vec3(1085.7211, 7.295766, 57.626144) speed=1.0195873975753784 heading_rad=-2.418907403945923 bearing_rad=-0.21727602183818817 route_next=Some(887) gate=Vec3(1090.8932, 9.97041, 61.40383) aim=Vec3(1090.8932, 9.97041, 61.40383)
2026-10-04T05:57:55.338102Z  INFO mm2_app::scripted: scripted player re-anchored onto its route after a bounded stuck tick=316596 reanchors=95 position=Vec3(1085.8651, 7.2999144, 57.766026) speed=0.14381375908851624 heading_rad=-2.430410385131836 route_next=884 gate=Vec3(1090.8932, 9.97041, 61.40383) landing=Vec3(1080.3088, 9.416015, 48.44379)
2026-10-04T05:57:56.468272Z  INFO mm2_app::scripted: scripted player started a bounded escape after sustained low-speed throttle tick=316984 escapes=369 position=Vec3(1080.3033, 8.172989, 49.58567) speed=0.03788718953728676 heading_rad=-2.8725881576538086 bearing_rad=-0.4763060510158539 route_next=Some(884) gate=Vec3(1090.8932, 9.97041, 61.40383) aim=Vec3(1088.4567, 9.7146, 58.420364)
2026-10-04T05:58:00.006814Z  INFO mm2_app::scripted: scripted player started a bounded escape after sustained low-speed throttle tick=318370 escapes=370 position=Vec3(1087.714, 7.389848, 60.218536) speed=0.01751764863729477 heading_rad=-2.358522415161133 bearing_rad=-0.43086084723472595 route_next=Some(887) gate=Vec3(1090.8932, 9.97041, 61.40383) aim=Vec3(1090.8932, 9.97041, 61.40383)
2026-10-04T05:58:02.243415Z  INFO mm2_app::scripted: scripted player started a bounded escape after sustained low-speed throttle tick=319242 escapes=371 position=Vec3(1085.7211, 7.295766, 57.626144) speed=1.0195873975753784 heading_rad=-2.418907403945923 bearing_rad=-0.21727602183818817 route_next=Some(887) gate=Vec3(1090.8932, 9.97041, 61.40383) aim=Vec3(1090.8932, 9.97041, 61.40383)
2026-10-04T05:58:02.896065Z  INFO mm2_app::scripted: scripted player re-anchored onto its route after a bounded stuck tick=319490 reanchors=96 position=Vec3(1085.8651, 7.2999144, 57.766026) speed=0.14381375908851624 heading_rad=-2.430410385131836 route_next=884 gate=Vec3(1090.8932, 9.97041, 61.40383) landing=Vec3(1080.3088, 9.416015, 48.44379)
2026-10-04T05:58:03.883715Z  INFO mm2_app::scripted: scripted player started a bounded escape after sustained low-speed throttle tick=319878 escapes=372 position=Vec3(1080.3033, 8.172989, 49.58567) speed=0.03788718953728676 heading_rad=-2.8725881576538086 bearing_rad=-0.4763060510158539 route_next=Some(884) gate=Vec3(1090.8932, 9.97041, 61.40383) aim=Vec3(1088.4567, 9.7146, 58.420364)
2026-10-04T05:58:07.449577Z  INFO mm2_app::scripted: scripted player started a bounded escape after sustained low-speed throttle tick=321264 escapes=373 position=Vec3(1087.714, 7.389848, 60.218536) speed=0.01751764863729477 heading_rad=-2.358522415161133 bearing_rad=-0.43086084723472595 route_next=Some(887) gate=Vec3(1090.8932, 9.97041, 61.40383) aim=Vec3(1090.8932, 9.97041, 61.40383)
2026-10-04T05:58:09.720579Z  INFO mm2_app::scripted: scripted player started a bounded escape after sustained low-speed throttle tick=322136 escapes=374 position=Vec3(1085.7211, 7.295766, 57.626144) speed=1.0195873975753784 heading_rad=-2.418907403945923 bearing_rad=-0.21727602183818817 route_next=Some(887) gate=Vec3(1090.8932, 9.97041, 61.40383) aim=Vec3(1090.8932, 9.97041, 61.40383)
2026-10-04T05:58:10.348203Z  INFO mm2_app::scripted: scripted player re-anchored onto its route after a bounded stuck tick=322384 reanchors=97 position=Vec3(1085.8651, 7.2999144, 57.766026) speed=0.14381375908851624 heading_rad=-2.430410385131836 route_next=884 gate=Vec3(1090.8932, 9.97041, 61.40383) landing=Vec3(1080.3088, 9.416015, 48.44379)
2026-10-04T05:58:11.357946Z  INFO mm2_app::scripted: scripted player started a bounded escape after sustained low-speed throttle tick=322772 escapes=375 position=Vec3(1080.3033, 8.172989, 49.58567) speed=0.03788718953728676 heading_rad=-2.8725881576538086 bearing_rad=-0.4763060510158539 route_next=Some(884) gate=Vec3(1090.8932, 9.97041, 61.40383) aim=Vec3(1088.4567, 9.7146, 58.420364)
2026-10-04T05:58:15.161508Z  INFO mm2_app::scripted: scripted player started a bounded escape after sustained low-speed throttle tick=324158 escapes=376 position=Vec3(1087.714, 7.389848, 60.218536) speed=0.01751764863729477 heading_rad=-2.358522415161133 bearing_rad=-0.43086084723472595 route_next=Some(887) gate=Vec3(1090.8932, 9.97041, 61.40383) aim=Vec3(1090.8932, 9.97041, 61.40383)
2026-10-04T05:58:17.442316Z  INFO mm2_app::scripted: scripted player started a bounded escape after sustained low-speed throttle tick=325030 escapes=377 position=Vec3(1085.7211, 7.295766, 57.626144) speed=1.0195873975753784 heading_rad=-2.418907403945923 bearing_rad=-0.21727602183818817 route_next=Some(887) gate=Vec3(1090.8932, 9.97041, 61.40383) aim=Vec3(1090.8932, 9.97041, 61.40383)
2026-10-04T05:58:18.107748Z  INFO mm2_app::scripted: scripted player re-anchored onto its route after a bounded stuck tick=325278 reanchors=98 position=Vec3(1085.8651, 7.2999144, 57.766026) speed=0.14381375908851624 heading_rad=-2.430410385131836 route_next=884 gate=Vec3(1090.8932, 9.97041, 61.40383) landing=Vec3(1080.3088, 9.416015, 48.44379)
2026-10-04T05:58:19.121610Z  INFO mm2_app::scripted: scripted player started a bounded escape after sustained low-speed throttle tick=325666 escapes=378 position=Vec3(1080.3033, 8.172989, 49.58567) speed=0.03788718953728676 heading_rad=-2.8725881576538086 bearing_rad=-0.4763060510158539 route_next=Some(884) gate=Vec3(1090.8932, 9.97041, 61.40383) aim=Vec3(1088.4567, 9.7146, 58.420364)
2026-10-04T05:58:22.681123Z  INFO mm2_app::scripted: scripted player started a bounded escape after sustained low-speed throttle tick=327052 escapes=379 position=Vec3(1087.714, 7.389848, 60.218536) speed=0.01751764863729477 heading_rad=-2.358522415161133 bearing_rad=-0.43086084723472595 route_next=Some(887) gate=Vec3(1090.8932, 9.97041, 61.40383) aim=Vec3(1090.8932, 9.97041, 61.40383)
2026-10-04T05:58:24.823351Z  INFO mm2_app::scripted: scripted player started a bounded escape after sustained low-speed throttle tick=327924 escapes=380 position=Vec3(1085.7211, 7.295766, 57.626144) speed=1.0195873975753784 heading_rad=-2.418907403945923 bearing_rad=-0.21727602183818817 route_next=Some(887) gate=Vec3(1090.8932, 9.97041, 61.40383) aim=Vec3(1090.8932, 9.97041, 61.40383)
2026-10-04T05:58:25.406914Z  INFO mm2_app::scripted: scripted player re-anchored onto its route after a bounded stuck tick=328172 reanchors=99 position=Vec3(1085.8651, 7.2999144, 57.766026) speed=0.14381375908851624 heading_rad=-2.430410385131836 route_next=884 gate=Vec3(1090.8932, 9.97041, 61.40383) landing=Vec3(1080.3088, 9.416015, 48.44379)
2026-10-04T05:58:26.345848Z  INFO mm2_app::scripted: scripted player started a bounded escape after sustained low-speed throttle tick=328560 escapes=381 position=Vec3(1080.3033, 8.172989, 49.58567) speed=0.03788718953728676 heading_rad=-2.8725881576538086 bearing_rad=-0.4763060510158539 route_next=Some(884) gate=Vec3(1090.8932, 9.97041, 61.40383) aim=Vec3(1088.4567, 9.7146, 58.420364)
2026-10-04T05:58:29.675306Z  INFO mm2_app::scripted: scripted player started a bounded escape after sustained low-speed throttle tick=329946 escapes=382 position=Vec3(1087.714, 7.389848, 60.218536) speed=0.01751764863729477 heading_rad=-2.358522415161133 bearing_rad=-0.43086084723472595 route_next=Some(887) gate=Vec3(1090.8932, 9.97041, 61.40383) aim=Vec3(1090.8932, 9.97041, 61.40383)
2026-10-04T05:58:31.752049Z  INFO mm2_app::scripted: scripted player started a bounded escape after sustained low-speed throttle tick=330818 escapes=383 position=Vec3(1085.7211, 7.295766, 57.626144) speed=1.0195873975753784 heading_rad=-2.418907403945923 bearing_rad=-0.21727602183818817 route_next=Some(887) gate=Vec3(1090.8932, 9.97041, 61.40383) aim=Vec3(1090.8932, 9.97041, 61.40383)
2026-10-04T05:58:32.344474Z  INFO mm2_app::scripted: scripted player re-anchored onto its route after a bounded stuck tick=331066 reanchors=100 position=Vec3(1085.8651, 7.2999144, 57.766026) speed=0.14381375908851624 heading_rad=-2.430410385131836 route_next=884 gate=Vec3(1090.8932, 9.97041, 61.40383) landing=Vec3(1080.3088, 9.416015, 48.44379)
2026-10-04T05:58:33.277844Z  INFO mm2_app::scripted: scripted player started a bounded escape after sustained low-speed throttle tick=331454 escapes=384 position=Vec3(1080.3033, 8.172989, 49.58567) speed=0.03788718953728676 heading_rad=-2.8725881576538086 bearing_rad=-0.4763060510158539 route_next=Some(884) gate=Vec3(1090.8932, 9.97041, 61.40383) aim=Vec3(1088.4567, 9.7146, 58.420364)
2026-10-04T05:58:36.663997Z  INFO mm2_app::scripted: scripted player started a bounded escape after sustained low-speed throttle tick=332840 escapes=385 position=Vec3(1087.714, 7.389848, 60.218536) speed=0.01751764863729477 heading_rad=-2.358522415161133 bearing_rad=-0.43086084723472595 route_next=Some(887) gate=Vec3(1090.8932, 9.97041, 61.40383) aim=Vec3(1090.8932, 9.97041, 61.40383)
2026-10-04T05:58:38.840402Z  INFO mm2_app::scripted: scripted player started a bounded escape after sustained low-speed throttle tick=333712 escapes=386 position=Vec3(1085.7211, 7.295766, 57.626144) speed=1.0195873975753784 heading_rad=-2.418907403945923 bearing_rad=-0.21727602183818817 route_next=Some(887) gate=Vec3(1090.8932, 9.97041, 61.40383) aim=Vec3(1090.8932, 9.97041, 61.40383)
2026-10-04T05:58:39.458726Z  INFO mm2_app::scripted: scripted player re-anchored onto its route after a bounded stuck tick=333960 reanchors=101 position=Vec3(1085.8651, 7.2999144, 57.766026) speed=0.14381375908851624 heading_rad=-2.430410385131836 route_next=884 gate=Vec3(1090.8932, 9.97041, 61.40383) landing=Vec3(1080.3088, 9.416015, 48.44379)
2026-10-04T05:58:40.413970Z  INFO mm2_app::scripted: scripted player started a bounded escape after sustained low-speed throttle tick=334348 escapes=387 position=Vec3(1080.3033, 8.172989, 49.58567) speed=0.03788718953728676 heading_rad=-2.8725881576538086 bearing_rad=-0.4763060510158539 route_next=Some(884) gate=Vec3(1090.8932, 9.97041, 61.40383) aim=Vec3(1088.4567, 9.7146, 58.420364)
2026-10-04T05:58:43.861002Z  INFO mm2_app::scripted: scripted player started a bounded escape after sustained low-speed throttle tick=335734 escapes=388 position=Vec3(1087.714, 7.389848, 60.218536) speed=0.01751764863729477 heading_rad=-2.358522415161133 bearing_rad=-0.43086084723472595 route_next=Some(887) gate=Vec3(1090.8932, 9.97041, 61.40383) aim=Vec3(1090.8932, 9.97041, 61.40383)
2026-10-04T05:58:46.166290Z  INFO mm2_app::scripted: scripted player started a bounded escape after sustained low-speed throttle tick=336606 escapes=389 position=Vec3(1085.7211, 7.295766, 57.626144) speed=1.0195873975753784 heading_rad=-2.418907403945923 bearing_rad=-0.21727602183818817 route_next=Some(887) gate=Vec3(1090.8932, 9.97041, 61.40383) aim=Vec3(1090.8932, 9.97041, 61.40383)
2026-10-04T05:58:46.838358Z  INFO mm2_app::scripted: scripted player re-anchored onto its route after a bounded stuck tick=336854 reanchors=102 position=Vec3(1085.8651, 7.2999144, 57.766026) speed=0.14381375908851624 heading_rad=-2.430410385131836 route_next=884 gate=Vec3(1090.8932, 9.97041, 61.40383) landing=Vec3(1080.3088, 9.416015, 48.44379)
2026-10-04T05:58:47.982619Z  INFO mm2_app::scripted: scripted player started a bounded escape after sustained low-speed throttle tick=337242 escapes=390 position=Vec3(1080.3033, 8.172989, 49.58567) speed=0.03788718953728676 heading_rad=-2.8725881576538086 bearing_rad=-0.4763060510158539 route_next=Some(884) gate=Vec3(1090.8932, 9.97041, 61.40383) aim=Vec3(1088.4567, 9.7146, 58.420364)
2026-10-04T05:58:51.457922Z  INFO mm2_app::scripted: scripted player started a bounded escape after sustained low-speed throttle tick=338628 escapes=391 position=Vec3(1087.714, 7.389848, 60.218536) speed=0.01751764863729477 heading_rad=-2.358522415161133 bearing_rad=-0.43086084723472595 route_next=Some(887) gate=Vec3(1090.8932, 9.97041, 61.40383) aim=Vec3(1090.8932, 9.97041, 61.40383)
2026-10-04T05:58:53.624896Z  INFO mm2_app::scripted: scripted player started a bounded escape after sustained low-speed throttle tick=339500 escapes=392 position=Vec3(1085.7211, 7.295766, 57.626144) speed=1.0195873975753784 heading_rad=-2.418907403945923 bearing_rad=-0.21727602183818817 route_next=Some(887) gate=Vec3(1090.8932, 9.97041, 61.40383) aim=Vec3(1090.8932, 9.97041, 61.40383)
2026-10-04T05:58:54.264488Z  INFO mm2_app::scripted: scripted player re-anchored onto its route after a bounded stuck tick=339748 reanchors=103 position=Vec3(1085.8651, 7.2999144, 57.766026) speed=0.14381375908851624 heading_rad=-2.430410385131836 route_next=884 gate=Vec3(1090.8932, 9.97041, 61.40383) landing=Vec3(1080.3088, 9.416015, 48.44379)
2026-10-04T05:58:55.231711Z  INFO mm2_app::scripted: scripted player started a bounded escape after sustained low-speed throttle tick=340136 escapes=393 position=Vec3(1080.3033, 8.172989, 49.58567) speed=0.03788718953728676 heading_rad=-2.8725881576538086 bearing_rad=-0.4763060510158539 route_next=Some(884) gate=Vec3(1090.8932, 9.97041, 61.40383) aim=Vec3(1088.4567, 9.7146, 58.420364)
2026-10-04T05:58:58.786657Z  INFO mm2_app::scripted: scripted player started a bounded escape after sustained low-speed throttle tick=341522 escapes=394 position=Vec3(1087.714, 7.389848, 60.218536) speed=0.01751764863729477 heading_rad=-2.358522415161133 bearing_rad=-0.43086084723472595 route_next=Some(887) gate=Vec3(1090.8932, 9.97041, 61.40383) aim=Vec3(1090.8932, 9.97041, 61.40383)
2026-10-04T05:59:00.865015Z  INFO mm2_app::scripted: scripted player started a bounded escape after sustained low-speed throttle tick=342394 escapes=395 position=Vec3(1085.7211, 7.295766, 57.626144) speed=1.0195873975753784 heading_rad=-2.418907403945923 bearing_rad=-0.21727602183818817 route_next=Some(887) gate=Vec3(1090.8932, 9.97041, 61.40383) aim=Vec3(1090.8932, 9.97041, 61.40383)
2026-10-04T05:59:01.446212Z  INFO mm2_app::scripted: scripted player re-anchored onto its route after a bounded stuck tick=342642 reanchors=104 position=Vec3(1085.8651, 7.2999144, 57.766026) speed=0.14381375908851624 heading_rad=-2.430410385131836 route_next=884 gate=Vec3(1090.8932, 9.97041, 61.40383) landing=Vec3(1080.3088, 9.416015, 48.44379)
2026-10-04T05:59:02.373416Z  INFO mm2_app::scripted: scripted player started a bounded escape after sustained low-speed throttle tick=343030 escapes=396 position=Vec3(1080.3033, 8.172989, 49.58567) speed=0.03788718953728676 heading_rad=-2.8725881576538086 bearing_rad=-0.4763060510158539 route_next=Some(884) gate=Vec3(1090.8932, 9.97041, 61.40383) aim=Vec3(1088.4567, 9.7146, 58.420364)
2026-10-04T05:59:05.657262Z  INFO mm2_app::scripted: scripted player started a bounded escape after sustained low-speed throttle tick=344416 escapes=397 position=Vec3(1087.714, 7.389848, 60.218536) speed=0.01751764863729477 heading_rad=-2.358522415161133 bearing_rad=-0.43086084723472595 route_next=Some(887) gate=Vec3(1090.8932, 9.97041, 61.40383) aim=Vec3(1090.8932, 9.97041, 61.40383)
2026-10-04T05:59:07.797707Z  INFO mm2_app::scripted: scripted player started a bounded escape after sustained low-speed throttle tick=345288 escapes=398 position=Vec3(1085.7211, 7.295766, 57.626144) speed=1.0195873975753784 heading_rad=-2.418907403945923 bearing_rad=-0.21727602183818817 route_next=Some(887) gate=Vec3(1090.8932, 9.97041, 61.40383) aim=Vec3(1090.8932, 9.97041, 61.40383)
2026-10-04T05:59:08.379187Z  INFO mm2_app::scripted: scripted player re-anchored onto its route after a bounded stuck tick=345536 reanchors=105 position=Vec3(1085.8651, 7.2999144, 57.766026) speed=0.14381375908851624 heading_rad=-2.430410385131836 route_next=884 gate=Vec3(1090.8932, 9.97041, 61.40383) landing=Vec3(1080.3088, 9.416015, 48.44379)
2026-10-04T05:59:09.302632Z  INFO mm2_app::scripted: scripted player started a bounded escape after sustained low-speed throttle tick=345924 escapes=399 position=Vec3(1080.3033, 8.172989, 49.58567) speed=0.03788718953728676 heading_rad=-2.8725881576538086 bearing_rad=-0.4763060510158539 route_next=Some(884) gate=Vec3(1090.8932, 9.97041, 61.40383) aim=Vec3(1088.4567, 9.7146, 58.420364)
2026-10-04T05:59:12.545473Z  INFO mm2_app::scripted: scripted player started a bounded escape after sustained low-speed throttle tick=347310 escapes=400 position=Vec3(1087.714, 7.389848, 60.218536) speed=0.01751764863729477 heading_rad=-2.358522415161133 bearing_rad=-0.43086084723472595 route_next=Some(887) gate=Vec3(1090.8932, 9.97041, 61.40383) aim=Vec3(1090.8932, 9.97041, 61.40383)
2026-10-04T05:59:14.594411Z  INFO mm2_app::scripted: scripted player started a bounded escape after sustained low-speed throttle tick=348182 escapes=401 position=Vec3(1085.7211, 7.295766, 57.626144) speed=1.0195873975753784 heading_rad=-2.418907403945923 bearing_rad=-0.21727602183818817 route_next=Some(887) gate=Vec3(1090.8932, 9.97041, 61.40383) aim=Vec3(1090.8932, 9.97041, 61.40383)
2026-10-04T05:59:15.182666Z  INFO mm2_app::scripted: scripted player re-anchored onto its route after a bounded stuck tick=348430 reanchors=106 position=Vec3(1085.8651, 7.2999144, 57.766026) speed=0.14381375908851624 heading_rad=-2.430410385131836 route_next=884 gate=Vec3(1090.8932, 9.97041, 61.40383) landing=Vec3(1080.3088, 9.416015, 48.44379)
2026-10-04T05:59:16.087374Z  INFO mm2_app::scripted: scripted player started a bounded escape after sustained low-speed throttle tick=348818 escapes=402 position=Vec3(1080.3033, 8.172989, 49.58567) speed=0.03788718953728676 heading_rad=-2.8725881576538086 bearing_rad=-0.4763060510158539 route_next=Some(884) gate=Vec3(1090.8932, 9.97041, 61.40383) aim=Vec3(1088.4567, 9.7146, 58.420364)
2026-10-04T05:59:19.397944Z  INFO mm2_app::scripted: scripted player started a bounded escape after sustained low-speed throttle tick=350204 escapes=403 position=Vec3(1087.714, 7.389848, 60.218536) speed=0.01751764863729477 heading_rad=-2.358522415161133 bearing_rad=-0.43086084723472595 route_next=Some(887) gate=Vec3(1090.8932, 9.97041, 61.40383) aim=Vec3(1090.8932, 9.97041, 61.40383)
2026-10-04T05:59:21.681819Z  INFO mm2_app::scripted: scripted player started a bounded escape after sustained low-speed throttle tick=351076 escapes=404 position=Vec3(1085.7211, 7.295766, 57.626144) speed=1.0195873975753784 heading_rad=-2.418907403945923 bearing_rad=-0.21727602183818817 route_next=Some(887) gate=Vec3(1090.8932, 9.97041, 61.40383) aim=Vec3(1090.8932, 9.97041, 61.40383)
2026-10-04T05:59:22.263705Z  INFO mm2_app::scripted: scripted player re-anchored onto its route after a bounded stuck tick=351324 reanchors=107 position=Vec3(1085.8651, 7.2999144, 57.766026) speed=0.14381375908851624 heading_rad=-2.430410385131836 route_next=884 gate=Vec3(1090.8932, 9.97041, 61.40383) landing=Vec3(1080.3088, 9.416015, 48.44379)
smoke=headless-physics world=city/stockholm.psdl status=pass updates=175928 ticks=351496 driver=scripted diff=professional phase=playing impacts=2440 dropped=0 peak=12.1m/s travel=6814.9m sim=2929.13s resets=175 controls=277342t/73522b/291686s finite=true moved=2081m wheels=1/4 final=(1080,8.0,49) race=Running cp=7/23 results=3 lap=1/2 pos=7/7 opp=3/6 opp_rec=34 cu=3 opp_drv=103976m/8.9mps/8.1ipk/2.1xpk/0.3apk/0.10hpk opps=0:sthlm_racer/10c/2l/44e/5r/900w/18d,1:sthlm_racer/23c/2l/F/26e/5r/900w/33d,2:sthlm_racer/23c/2l/F/29e/8r/900w/31d,3:sthlm_racer/10c/1l/6e/1r/900w/2d,4:sthlm_racer/10c/2l/50e/10r/900w/19d,5:sthlm_racer/23c/2l/F/27e/5r/900w/37d p_rec=107r/404e env=lt04(noon) fog=none sky=none wtr=0.2/1698r map=inset/north/z1200/hudmap_stockholm.pkg/1t/30m dash=absent:missing-spec+pkg trk=sized ind=on/6m/6b tmr=22g/48:49:13 arr=hudarrow01/off sta=10g/p7of7/l1of2/c7of23 bng=3240d/0a/2s/0b bng_ev=2a/2s/0b rcv=76w/3455f/3531r wfx=0r/0e/0x+8f+ut aud=0h/0v/0s/0l/0a/0r+12x
